timestamp,open,high,low,close,volume
2026-01-01 00:00:00,3800.0,3801.88,3797.8,3799.42,427
2026-01-01 01:00:00,3799.42,3800.43,3794.53,3798.73,329
2026-01-01 02:00:00,3798.73,3802.96,3797.14,3802.31,308
2026-01-01 03:00:00,3802.31,3808.0,3799.0,3804.49,416
2026-01-01 04:00:00,3804.49,3806.09,3798.09,3801.54,464
2026-01-01 05:00:00,3801.54,3806.39,3793.19,3797.48,131
2026-01-01 06:00:00,3797.48,3798.76,3791.02,3796.31,222
2026-01-01 07:00:00,3796.31,3797.32,3790.45,3792.85,233
2026-01-01 08:00:00,3792.85,3800.52,3788.7,3795.98,324
2026-01-01 09:00:00,3795.98,3797.1,3786.42,3791.53,90
2026-01-01 10:00:00,3791.53,3795.12,3779.6,3784.41,345
2026-01-01 11:00:00,3784.41,3785.87,3781.14,3781.99,388
2026-01-01 12:00:00,3781.99,3783.35,3780.33,3782.45,101
2026-01-01 13:00:00,3782.45,3788.12,3779.68,3785.72,477
2026-01-01 14:00:00,3785.72,3787.27,3781.35,3783.18,399
2026-01-01 15:00:00,3783.18,3789.81,3779.63,3786.07,137
2026-01-01 16:00:00,3786.07,3788.88,3781.29,3783.14,377
2026-01-01 17:00:00,3783.14,3787.08,3780.9,3782.5,216
2026-01-01 18:00:00,3782.5,3787.96,3781.84,3786.31,211
2026-01-01 19:00:00,3786.31,3788.82,3779.71,3780.54,340
2026-01-01 20:00:00,3780.54,3786.8,3778.06,3783.02,379
2026-01-01 21:00:00,3783.02,3785.81,3778.76,3780.58,176
2026-01-01 22:00:00,3780.58,3784.82,3777.78,3780.42,348
2026-01-01 23:00:00,3780.42,3782.92,3773.84,3775.44,120
2026-01-02 00:00:00,3775.44,3776.18,3772.65,3773.7,371
2026-01-02 01:00:00,3773.7,3775.0,3769.7,3773.6,355
2026-01-02 02:00:00,3773.6,3782.69,3770.45,3777.21,333
2026-01-02 03:00:00,3777.21,3783.53,3776.65,3778.73,419
2026-01-02 04:00:00,3778.73,3789.23,3774.39,3784.98,224
2026-01-02 05:00:00,3784.98,3791.52,3782.31,3790.46,282
2026-01-02 06:00:00,3790.46,3800.96,3785.1,3796.86,440
2026-01-02 07:00:00,3796.86,3798.38,3791.8,3796.99,495
2026-01-02 08:00:00,3796.99,3800.03,3790.08,3791.57,241
2026-01-02 09:00:00,3791.57,3795.88,3782.93,3786.13,448
2026-01-02 10:00:00,3786.13,3797.53,3783.19,3794.04,107
2026-01-02 11:00:00,3794.04,3799.19,3784.96,3789.85,475
2026-01-02 12:00:00,3789.85,3792.58,3786.51,3790.88,90
2026-01-02 13:00:00,3790.88,3791.81,3785.18,3788.11,85
2026-01-02 14:00:00,3788.11,3794.13,3784.31,3793.0,331
2026-01-02 15:00:00,3793.0,3794.33,3789.18,3792.32,360
2026-01-02 16:00:00,3792.32,3795.52,3785.73,3789.88,152
2026-01-02 17:00:00,3789.88,3795.22,3787.39,3791.16,393
2026-01-02 18:00:00,3791.16,3794.25,3787.52,3788.63,165
2026-01-02 19:00:00,3788.63,3789.45,3784.55,3785.16,333
2026-01-02 20:00:00,3785.16,3786.36,3781.5,3785.51,167
2026-01-02 21:00:00,3785.51,3789.15,3784.85,3788.31,219
2026-01-02 22:00:00,3788.31,3794.81,3786.74,3790.97,117
2026-01-02 23:00:00,3790.97,3796.36,3786.06,3792.24,345
2026-01-05 00:00:00,3792.24,3796.78,3783.88,3785.33,99
2026-01-05 01:00:00,3785.33,3790.32,3783.06,3786.53,260
2026-01-05 02:00:00,3786.53,3790.4,3774.78,3780.2,100
2026-01-05 03:00:00,3780.2,3782.33,3776.06,3781.53,459
2026-01-05 04:00:00,3781.53,3784.93,3778.79,3783.48,266
2026-01-05 05:00:00,3783.48,3784.9,3778.36,3781.17,497
2026-01-05 06:00:00,3781.17,3789.81,3777.92,3785.0,75
2026-01-05 07:00:00,3785.0,3788.76,3779.79,3782.99,57
2026-01-05 08:00:00,3782.99,3796.69,3781.66,3791.95,298
2026-01-05 09:00:00,3791.95,3794.86,3785.36,3790.18,80
2026-01-05 10:00:00,3790.18,3792.76,3785.05,3790.31,451
2026-01-05 11:00:00,3790.31,3793.32,3787.69,3790.54,424
2026-01-05 12:00:00,3790.54,3799.72,3789.27,3795.63,201
2026-01-05 13:00:00,3795.63,3797.22,3794.69,3795.48,426
2026-01-05 14:00:00,3795.48,3796.27,3785.65,3789.07,307
2026-01-05 15:00:00,3789.07,3794.17,3784.17,3787.33,79
2026-01-05 16:00:00,3787.33,3790.35,3783.85,3788.92,395
2026-01-05 17:00:00,3788.92,3793.73,3786.0,3788.52,341
2026-01-05 18:00:00,3788.52,3792.25,3785.92,3788.65,348
2026-01-05 19:00:00,3788.65,3797.35,3786.57,3794.02,183
2026-01-05 20:00:00,3794.02,3797.51,3791.54,3795.82,393
2026-01-05 21:00:00,3795.82,3805.64,3793.03,3801.91,434
2026-01-05 22:00:00,3801.91,3806.02,3798.6,3802.41,101
2026-01-05 23:00:00,3802.41,3803.28,3800.62,3802.19,185
2026-01-06 00:00:00,3802.19,3805.53,3800.47,3804.69,195
2026-01-06 01:00:00,3804.69,3808.72,3800.02,3807.43,410
2026-01-06 02:00:00,3807.43,3811.97,3800.57,3803.71,391
2026-01-06 03:00:00,3803.71,3819.17,3801.71,3814.58,389
2026-01-06 04:00:00,3814.58,3822.93,3809.63,3821.11,430
2026-01-06 05:00:00,3821.11,3829.35,3819.25,3826.08,359
2026-01-06 06:00:00,3826.08,3830.92,3821.32,3826.98,308
2026-01-06 07:00:00,3826.98,3833.47,3821.95,3830.53,483
2026-01-06 08:00:00,3830.53,3840.57,3829.81,3835.92,220
2026-01-06 09:00:00,3835.92,3842.06,3832.23,3837.7,184
2026-01-06 10:00:00,3837.7,3844.01,3834.4,3839.98,107
2026-01-06 11:00:00,3839.98,3844.53,3835.06,3843.65,126
2026-01-06 12:00:00,3843.65,3847.06,3835.13,3836.37,115
2026-01-06 13:00:00,3836.37,3837.08,3831.91,3834.23,457
2026-01-06 14:00:00,3834.23,3837.64,3830.32,3835.35,391
2026-01-06 15:00:00,3835.35,3836.36,3830.75,3835.15,497
2026-01-06 16:00:00,3835.15,3836.42,3825.37,3830.52,492
2026-01-06 17:00:00,3830.52,3834.92,3826.02,3833.61,140
2026-01-06 18:00:00,3833.61,3838.45,3831.45,3834.27,260
2026-01-06 19:00:00,3834.27,3838.78,3828.84,3833.66,465
2026-01-06 20:00:00,3833.66,3837.7,3831.25,3833.69,69
2026-01-06 21:00:00,3833.69,3840.84,3832.08,3836.05,468
2026-01-06 22:00:00,3836.05,3843.88,3831.19,3839.28,164
2026-01-06 23:00:00,3839.28,3839.9,3835.99,3837.46,218
2026-01-07 00:00:00,3837.46,3841.83,3834.93,3837.19,310
2026-01-07 01:00:00,3837.19,3841.18,3831.78,3838.68,324
2026-01-07 02:00:00,3838.68,3843.57,3836.41,3838.22,347
2026-01-07 03:00:00,3838.22,3844.36,3836.39,3839.05,105
2026-01-07 04:00:00,3839.05,3843.48,3833.34,3836.02,311
2026-01-07 05:00:00,3836.02,3837.1,3828.92,3833.92,147
2026-01-07 06:00:00,3833.92,3834.43,3828.6,3833.73,325
2026-01-07 07:00:00,3833.73,3843.94,3828.53,3840.01,427
2026-01-07 08:00:00,3840.01,3840.86,3834.37,3838.19,219
2026-01-07 09:00:00,3838.19,3841.81,3831.03,3834.85,113
2026-01-07 10:00:00,3834.85,3836.9,3831.67,3834.21,256
2026-01-07 11:00:00,3834.21,3838.2,3827.62,3830.89,148
2026-01-07 12:00:00,3830.89,3834.78,3817.54,3822.55,365
2026-01-07 13:00:00,3822.55,3830.45,3820.02,3827.1,476
2026-01-07 14:00:00,3827.1,3833.04,3823.7,3830.39,385
2026-01-07 15:00:00,3830.39,3832.51,3827.68,3830.4,395
2026-01-07 16:00:00,3830.4,3836.43,3825.92,3831.42,136
2026-01-07 17:00:00,3831.42,3839.62,3829.5,3835.83,389
2026-01-07 18:00:00,3835.83,3840.42,3829.14,3833.4,394
2026-01-07 19:00:00,3833.4,3835.45,3826.19,3830.72,125
2026-01-07 20:00:00,3830.72,3836.56,3825.97,3833.68,87
2026-01-07 21:00:00,3833.68,3836.92,3828.75,3834.14,344
2026-01-07 22:00:00,3834.14,3839.22,3832.42,3836.25,385
2026-01-07 23:00:00,3836.25,3845.99,3831.29,3842.05,490
2026-01-08 00:00:00,3842.05,3844.92,3840.67,3842.29,406
2026-01-08 01:00:00,3842.29,3845.38,3839.66,3840.41,177
2026-01-08 02:00:00,3840.41,3843.35,3837.59,3842.18,321
2026-01-08 03:00:00,3842.18,3847.62,3837.69,3841.17,436
2026-01-08 04:00:00,3841.17,3849.55,3838.15,3845.45,475
2026-01-08 05:00:00,3845.45,3850.48,3839.25,3841.98,131
2026-01-08 06:00:00,3841.98,3843.78,3840.06,3841.8,376
2026-01-08 07:00:00,3841.8,3843.69,3832.87,3837.26,298
2026-01-08 08:00:00,3837.26,3838.15,3833.09,3835.02,189
2026-01-08 09:00:00,3835.02,3837.2,3827.76,3832.73,91
2026-01-08 10:00:00,3832.73,3838.57,3828.7,3834.6,82
2026-01-08 11:00:00,3834.6,3839.39,3832.45,3836.82,288
2026-01-08 12:00:00,3836.82,3839.42,3829.45,3834.47,349
2026-01-08 13:00:00,3834.47,3841.07,3833.87,3835.84,500
2026-01-08 14:00:00,3835.84,3836.75,3833.58,3836.22,435
2026-01-08 15:00:00,3836.22,3838.67,3827.37,3832.33,477
2026-01-08 16:00:00,3832.33,3835.56,3823.01,3826.53,162
2026-01-08 17:00:00,3826.53,3832.7,3824.67,3829.76,298
2026-01-08 18:00:00,3829.76,3837.22,3827.24,3833.32,134
2026-01-08 19:00:00,3833.32,3838.68,3828.22,3833.98,368
2026-01-08 20:00:00,3833.98,3837.44,3821.65,3825.46,92
2026-01-08 21:00:00,3825.46,3829.17,3822.43,3823.61,286
2026-01-08 22:00:00,3823.61,3827.04,3820.84,3824.9,222
2026-01-08 23:00:00,3824.9,3832.03,3822.5,3827.72,435
2026-01-09 00:00:00,3827.72,3836.38,3824.87,3831.71,433
2026-01-09 01:00:00,3831.71,3834.91,3824.95,3830.45,229
2026-01-09 02:00:00,3830.45,3835.98,3829.75,3830.69,65
2026-01-09 03:00:00,3830.69,3837.43,3829.19,3832.18,60
2026-01-09 04:00:00,3832.18,3835.05,3828.97,3830.04,161
2026-01-09 05:00:00,3830.04,3832.87,3826.22,3828.0,238
2026-01-09 06:00:00,3828.0,3834.94,3826.93,3830.7,469
2026-01-09 07:00:00,3830.7,3836.78,3828.64,3835.46,346
2026-01-09 08:00:00,3835.46,3842.76,3830.17,3838.87,253
2026-01-09 09:00:00,3838.87,3844.64,3837.38,3839.43,353
2026-01-09 10:00:00,3839.43,3840.44,3833.02,3837.38,485
2026-01-09 11:00:00,3837.38,3841.3,3827.62,3832.15,457
2026-01-09 12:00:00,3832.15,3841.34,3829.51,3839.1,239
2026-01-09 13:00:00,3839.1,3839.94,3834.65,3838.39,56
2026-01-09 14:00:00,3838.39,3843.77,3833.09,3842.74,375
2026-01-09 15:00:00,3842.74,3847.7,3833.91,3836.71,128
2026-01-09 16:00:00,3836.71,3842.04,3828.88,3830.73,463
2026-01-09 17:00:00,3830.73,3838.4,3826.36,3833.3,288
2026-01-09 18:00:00,3833.3,3835.14,3822.58,3827.34,475
2026-01-09 19:00:00,3827.34,3835.06,3825.45,3829.89,280
2026-01-09 20:00:00,3829.89,3833.61,3827.5,3830.06,64
2026-01-09 21:00:00,3830.06,3837.5,3827.93,3834.53,299
2026-01-09 22:00:00,3834.53,3838.42,3829.63,3836.22,409
2026-01-09 23:00:00,3836.22,3848.07,3832.94,3843.17,314
2026-01-12 00:00:00,3843.17,3848.87,3840.23,3844.77,438
2026-01-12 01:00:00,3844.77,3846.47,3841.35,3844.23,414
2026-01-12 02:00:00,3844.23,3845.2,3835.53,3837.14,404
2026-01-12 03:00:00,3837.14,3839.27,3833.32,3837.55,238
2026-01-12 04:00:00,3837.55,3840.18,3828.47,3832.7,219
2026-01-12 05:00:00,3832.7,3835.78,3829.93,3833.52,206
2026-01-12 06:00:00,3833.52,3834.98,3832.4,3833.5,324
2026-01-12 07:00:00,3833.5,3840.78,3829.55,3835.53,148
2026-01-12 08:00:00,3835.53,3840.61,3830.15,3836.49,318
2026-01-12 09:00:00,3836.49,3844.47,3831.09,3840.99,476
2026-01-12 10:00:00,3840.99,3843.38,3840.42,3841.98,323
2026-01-12 11:00:00,3841.98,3845.81,3841.25,3844.68,77
2026-01-12 12:00:00,3844.68,3845.81,3834.0,3838.84,301
2026-01-12 13:00:00,3838.84,3839.85,3836.25,3836.81,195
2026-01-12 14:00:00,3836.81,3838.23,3831.82,3832.58,491
2026-01-12 15:00:00,3832.58,3836.29,3827.97,3833.4,255
2026-01-12 16:00:00,3833.4,3837.33,3826.9,3828.16,465
2026-01-12 17:00:00,3828.16,3831.74,3826.14,3828.43,177
2026-01-12 18:00:00,3828.43,3836.96,3823.98,3833.43,165
2026-01-12 19:00:00,3833.43,3842.42,3831.03,3838.04,276
2026-01-12 20:00:00,3838.04,3840.68,3833.14,3836.48,80
2026-01-12 21:00:00,3836.48,3845.13,3832.28,3841.58,440
2026-01-12 22:00:00,3841.58,3846.1,3840.29,3842.3,138
2026-01-12 23:00:00,3842.3,3848.22,3841.02,3844.96,259
2026-01-13 00:00:00,3844.96,3846.92,3838.19,3839.85,411
2026-01-13 01:00:00,3839.85,3843.4,3835.05,3841.49,86
2026-01-13 02:00:00,3841.49,3845.93,3834.38,3838.01,388
2026-01-13 03:00:00,3838.01,3842.53,3828.13,3829.62,108
2026-01-13 04:00:00,3829.62,3834.66,3819.44,3824.07,86
2026-01-13 05:00:00,3824.07,3824.87,3818.01,3822.47,354
2026-01-13 06:00:00,3822.47,3824.41,3821.32,3822.44,402
2026-01-13 07:00:00,3822.44,3824.46,3814.74,3817.25,189
2026-01-13 08:00:00,3817.25,3818.15,3811.88,3812.58,271
2026-01-13 09:00:00,3812.58,3816.75,3809.05,3812.57,63
2026-01-13 10:00:00,3812.57,3825.84,3809.19,3821.16,60
2026-01-13 11:00:00,3821.16,3832.21,3817.3,3826.71,187
2026-01-13 12:00:00,3826.71,3828.09,3817.6,3820.69,276
2026-01-13 13:00:00,3820.69,3825.77,3816.15,3817.56,349
2026-01-13 14:00:00,3817.56,3822.91,3807.96,3810.81,259
2026-01-13 15:00:00,3810.81,3815.86,3806.96,3813.69,489
2026-01-13 16:00:00,3813.69,3818.86,3809.88,3815.88,255
2026-01-13 17:00:00,3815.88,3823.94,3812.63,3819.37,282
2026-01-13 18:00:00,3819.37,3823.05,3815.01,3821.97,492
2026-01-13 19:00:00,3821.97,3826.64,3816.53,3823.57,386
2026-01-13 20:00:00,3823.57,3827.38,3820.48,3826.61,368
2026-01-13 21:00:00,3826.61,3830.89,3819.72,3823.35,439
2026-01-13 22:00:00,3823.35,3827.5,3821.41,3826.34,500
2026-01-13 23:00:00,3826.34,3831.33,3825.23,3827.34,372
2026-01-14 00:00:00,3827.34,3828.63,3821.8,3825.05,332
2026-01-14 01:00:00,3825.05,3827.59,3821.56,3823.18,480
2026-01-14 02:00:00,3823.18,3828.07,3818.52,3826.98,305
2026-01-14 03:00:00,3826.98,3832.14,3822.71,3824.67,411
2026-01-14 04:00:00,3824.67,3830.07,3821.84,3823.56,332
2026-01-14 05:00:00,3823.56,3832.29,3822.11,3831.07,356
2026-01-14 06:00:00,3831.07,3835.89,3820.97,3822.85,454
2026-01-14 07:00:00,3822.85,3827.62,3820.22,3822.42,453
2026-01-14 08:00:00,3822.42,3824.33,3813.02,3815.01,350
2026-01-14 09:00:00,3815.01,3818.41,3810.85,3814.65,493
2026-01-14 10:00:00,3814.65,3819.84,3811.39,3817.61,328
2026-01-14 11:00:00,3817.61,3824.0,3812.45,3821.61,495
2026-01-14 12:00:00,3821.61,3827.3,3819.94,3823.94,447
2026-01-14 13:00:00,3823.94,3832.22,3821.85,3829.67,292
2026-01-14 14:00:00,3829.67,3832.1,3823.82,3827.64,470
2026-01-14 15:00:00,3827.64,3831.4,3819.36,3820.62,68
2026-01-14 16:00:00,3820.62,3830.06,3819.62,3827.9,482
2026-01-14 17:00:00,3827.9,3837.99,3824.77,3835.29,283
2026-01-14 18:00:00,3835.29,3842.36,3829.94,3837.51,88
2026-01-14 19:00:00,3837.51,3840.57,3832.16,3837.72,223
2026-01-14 20:00:00,3837.72,3838.62,3832.7,3834.84,395
2026-01-14 21:00:00,3834.84,3839.64,3829.62,3832.02,212
2026-01-14 22:00:00,3832.02,3834.96,3822.97,3826.18,366
2026-01-14 23:00:00,3826.18,3827.02,3816.54,3820.2,197
2026-01-15 00:00:00,3820.2,3829.5,3819.21,3826.83,374
2026-01-15 01:00:00,3826.83,3830.85,3825.72,3826.72,135
2026-01-15 02:00:00,3826.72,3827.45,3819.26,3823.74,200
2026-01-15 03:00:00,3823.74,3826.03,3812.97,3815.62,175
2026-01-15 04:00:00,3815.62,3820.08,3809.2,3810.55,90
2026-01-15 05:00:00,3810.55,3814.1,3807.13,3809.54,399
2026-01-15 06:00:00,3809.54,3811.27,3806.73,3810.05,180
2026-01-15 07:00:00,3810.05,3821.67,3806.22,3818.87,461
2026-01-15 08:00:00,3818.87,3822.1,3814.78,3815.65,226
2026-01-15 09:00:00,3815.65,3821.8,3813.65,3816.36,267
2026-01-15 10:00:00,3816.36,3818.37,3809.24,3814.74,486
2026-01-15 11:00:00,3814.74,3817.66,3808.94,3810.63,342
2026-01-15 12:00:00,3810.63,3814.63,3807.9,3808.51,474
2026-01-15 13:00:00,3808.51,3814.9,3806.64,3811.11,339
2026-01-15 14:00:00,3811.11,3821.07,3806.06,3815.7,431
2026-01-15 15:00:00,3815.7,3818.68,3805.47,3810.49,196
2026-01-15 16:00:00,3810.49,3815.47,3808.89,3810.96,147
2026-01-15 17:00:00,3810.96,3814.56,3804.21,3808.1,419
2026-01-15 18:00:00,3808.1,3809.94,3807.11,3808.76,371
2026-01-15 19:00:00,3808.76,3812.49,3800.71,3802.75,275
2026-01-15 20:00:00,3802.75,3807.64,3797.7,3806.48,217
2026-01-15 21:00:00,3806.48,3811.51,3805.1,3807.27,117
2026-01-15 22:00:00,3807.27,3811.46,3804.26,3809.13,189
2026-01-15 23:00:00,3809.13,3813.78,3799.38,3801.16,472
2026-01-16 00:00:00,3801.16,3812.97,3796.31,3810.99,461
2026-01-16 01:00:00,3810.99,3812.07,3802.08,3807.39,122
2026-01-16 02:00:00,3807.39,3811.34,3803.52,3807.46,253
2026-01-16 03:00:00,3807.46,3812.8,3800.08,3804.6,237
2026-01-16 04:00:00,3804.6,3809.8,3803.48,3807.98,238
2026-01-16 05:00:00,3807.98,3813.99,3804.12,3810.13,349
2026-01-16 06:00:00,3810.13,3812.49,3802.08,3805.95,291
2026-01-16 07:00:00,3805.95,3810.46,3801.03,3809.83,337
2026-01-16 08:00:00,3809.83,3813.57,3803.57,3807.25,287
2026-01-16 09:00:00,3807.25,3817.14,3805.24,3812.09,259
2026-01-16 10:00:00,3812.09,3813.69,3806.61,3813.0,109
2026-01-16 11:00:00,3813.0,3814.81,3808.06,3813.82,119
2026-01-16 12:00:00,3813.82,3819.07,3806.89,3810.87,326
2026-01-16 13:00:00,3810.87,3815.95,3806.66,3813.35,129
2026-01-16 14:00:00,3813.35,3822.41,3809.77,3817.74,193
2026-01-16 15:00:00,3817.74,3818.4,3811.54,3813.89,277
2026-01-16 16:00:00,3813.89,3816.2,3805.73,3811.13,238
2026-01-16 17:00:00,3811.13,3815.35,3805.74,3812.13,233
2026-01-16 18:00:00,3812.13,3820.45,3806.88,3815.11,471
2026-01-16 19:00:00,3815.11,3819.07,3811.3,3816.3,378
2026-01-16 20:00:00,3816.3,3817.05,3807.32,3809.49,114
2026-01-16 21:00:00,3809.49,3813.92,3799.78,3801.31,474
2026-01-16 22:00:00,3801.31,3803.15,3796.46,3801.57,218
2026-01-16 23:00:00,3801.57,3805.94,3794.42,3798.86,355
2026-01-19 00:00:00,3798.86,3807.99,3797.71,3806.77,178
2026-01-19 01:00:00,3806.77,3811.4,3805.72,3806.91,493
2026-01-19 02:00:00,3806.91,3812.04,3805.22,3807.59,215
2026-01-19 03:00:00,3807.59,3808.28,3805.76,3807.7,114
2026-01-19 04:00:00,3807.7,3811.93,3804.57,3807.45,448
2026-01-19 05:00:00,3807.45,3809.76,3799.1,3802.57,281
2026-01-19 06:00:00,3802.57,3803.29,3788.51,3792.93,493
2026-01-19 07:00:00,3792.93,3796.72,3790.69,3792.7,379
2026-01-19 08:00:00,3792.7,3796.97,3790.19,3794.08,401
2026-01-19 09:00:00,3794.08,3795.12,3789.7,3793.76,277
2026-01-19 10:00:00,3793.76,3798.77,3792.93,3795.23,190
2026-01-19 11:00:00,3795.23,3799.58,3791.8,3795.96,414
2026-01-19 12:00:00,3795.96,3799.11,3787.31,3790.08,359
2026-01-19 13:00:00,3790.08,3804.25,3785.61,3801.6,108
2026-01-19 14:00:00,3801.6,3809.43,3797.5,3805.09,160
2026-01-19 15:00:00,3805.09,3807.74,3795.52,3800.46,261
2026-01-19 16:00:00,3800.46,3803.04,3797.15,3798.13,268
2026-01-19 17:00:00,3798.13,3803.92,3796.36,3801.86,128
2026-01-19 18:00:00,3801.86,3802.82,3799.18,3800.11,271
2026-01-19 19:00:00,3800.11,3801.09,3791.74,3795.93,465
2026-01-19 20:00:00,3795.93,3802.17,3792.62,3796.89,393
2026-01-19 21:00:00,3796.89,3799.03,3794.62,3797.92,390
2026-01-19 22:00:00,3797.92,3806.91,3797.16,3801.83,197
2026-01-19 23:00:00,3801.83,3805.33,3798.05,3800.31,345
2026-01-20 00:00:00,3800.31,3803.22,3793.25,3797.99,229
2026-01-20 01:00:00,3797.99,3802.72,3795.54,3797.88,440
2026-01-20 02:00:00,3797.88,3800.53,3794.07,3797.37,442
2026-01-20 03:00:00,3797.37,3804.78,3793.8,3800.19,379
2026-01-20 04:00:00,3800.19,3803.98,3791.08,3795.05,64
2026-01-20 05:00:00,3795.05,3796.45,3789.13,3793.14,208
2026-01-20 06:00:00,3793.14,3797.83,3791.92,3796.42,386
2026-01-20 07:00:00,3796.42,3798.92,3793.45,3794.66,374
2026-01-20 08:00:00,3794.66,3799.54,3792.28,3796.39,282
2026-01-20 09:00:00,3796.39,3798.59,3793.73,3796.08,419
2026-01-20 10:00:00,3796.08,3799.56,3786.87,3791.79,129
2026-01-20 11:00:00,3791.79,3801.59,3788.2,3800.3,395
2026-01-20 12:00:00,3800.3,3806.69,3796.76,3804.07,262
2026-01-20 13:00:00,3804.07,3808.06,3799.8,3806.19,108
2026-01-20 14:00:00,3806.19,3810.08,3801.63,3805.1,319
2026-01-20 15:00:00,3805.1,3810.54,3804.37,3806.7,252
2026-01-20 16:00:00,3806.7,3809.56,3801.47,3808.04,442
2026-01-20 17:00:00,3808.04,3809.23,3806.13,3807.91,217
2026-01-20 18:00:00,3807.91,3813.98,3806.76,3811.33,322
2026-01-20 19:00:00,3811.33,3818.56,3808.33,3814.54,476
2026-01-20 20:00:00,3814.54,3817.03,3808.49,3812.7,273
2026-01-20 21:00:00,3812.7,3813.29,3804.33,3809.44,491
2026-01-20 22:00:00,3809.44,3811.96,3804.1,3807.8,198
2026-01-20 23:00:00,3807.8,3812.79,3807.2,3811.71,216
2026-01-21 00:00:00,3811.71,3819.09,3807.76,3816.29,235
2026-01-21 01:00:00,3816.29,3825.8,3811.57,3824.86,174
2026-01-21 02:00:00,3824.86,3825.75,3816.29,3821.14,431
2026-01-21 03:00:00,3821.14,3824.93,3818.97,3822.73,136
2026-01-21 04:00:00,3822.73,3830.91,3821.26,3827.76,447
2026-01-21 05:00:00,3827.76,3832.63,3823.62,3830.38,469
2026-01-21 06:00:00,3830.38,3831.39,3827.22,3829.0,138
2026-01-21 07:00:00,3829.0,3832.51,3822.91,3827.21,385
2026-01-21 08:00:00,3827.21,3839.6,3824.39,3835.96,338
2026-01-21 09:00:00,3835.96,3844.74,3833.22,3840.44,339
2026-01-21 10:00:00,3840.44,3842.56,3827.78,3833.13,211
2026-01-21 11:00:00,3833.13,3834.38,3823.1,3823.94,276
2026-01-21 12:00:00,3823.94,3827.4,3816.84,3819.1,87
2026-01-21 13:00:00,3819.1,3821.15,3811.1,3813.86,79
2026-01-21 14:00:00,3813.86,3817.58,3806.24,3811.63,96
2026-01-21 15:00:00,3811.63,3817.63,3808.59,3814.05,286
2026-01-21 16:00:00,3814.05,3818.24,3804.64,3805.35,464
2026-01-21 17:00:00,3805.35,3808.71,3799.11,3800.55,359
2026-01-21 18:00:00,3800.55,3801.36,3797.27,3798.29,478
2026-01-21 19:00:00,3798.29,3800.86,3794.22,3798.64,308
2026-01-21 20:00:00,3798.64,3802.68,3792.5,3797.95,318
2026-01-21 21:00:00,3797.95,3801.06,3795.76,3797.05,240
2026-01-21 22:00:00,3797.05,3804.87,3793.16,3800.5,76
2026-01-21 23:00:00,3800.5,3804.95,3794.81,3798.55,83
2026-01-22 00:00:00,3798.55,3800.98,3794.34,3796.1,486
2026-01-22 01:00:00,3796.1,3804.36,3791.07,3800.58,497
2026-01-22 02:00:00,3800.58,3805.37,3795.5,3801.55,208
2026-01-22 03:00:00,3801.55,3808.23,3797.56,3802.89,250
2026-01-22 04:00:00,3802.89,3808.14,3799.6,3807.22,379
2026-01-22 05:00:00,3807.22,3816.23,3802.65,3811.77,393
2026-01-22 06:00:00,3811.77,3817.26,3803.88,3808.94,97
2026-01-22 07:00:00,3808.94,3812.67,3797.04,3799.66,235
2026-01-22 08:00:00,3799.66,3808.34,3797.45,3803.08,442
2026-01-22 09:00:00,3803.08,3806.4,3801.45,3803.47,120
2026-01-22 10:00:00,3803.47,3809.79,3800.43,3805.35,326
2026-01-22 11:00:00,3805.35,3812.8,3800.43,3808.12,69
2026-01-22 12:00:00,3808.12,3811.71,3800.33,3803.82,128
2026-01-22 13:00:00,3803.82,3805.13,3792.2,3796.86,444
2026-01-22 14:00:00,3796.86,3800.97,3790.02,3790.74,236
2026-01-22 15:00:00,3790.74,3794.62,3782.95,3784.64,277
2026-01-22 16:00:00,3784.64,3789.06,3777.84,3779.51,172
2026-01-22 17:00:00,3779.51,3781.56,3770.69,3775.23,290
2026-01-22 18:00:00,3775.23,3781.28,3771.88,3777.39,275
2026-01-22 19:00:00,3777.39,3780.2,3773.99,3775.9,245
2026-01-22 20:00:00,3775.9,3777.21,3770.23,3771.73,359
2026-01-22 21:00:00,3771.73,3772.92,3769.9,3771.65,378
2026-01-22 22:00:00,3771.65,3776.82,3763.77,3767.83,314
2026-01-22 23:00:00,3767.83,3773.06,3765.9,3768.3,440
2026-01-23 00:00:00,3768.3,3773.7,3763.64,3770.63,96
2026-01-23 01:00:00,3770.63,3779.55,3769.02,3774.32,280
2026-01-23 02:00:00,3774.32,3783.8,3771.84,3781.23,241
2026-01-23 03:00:00,3781.23,3782.91,3769.64,3775.11,241
2026-01-23 04:00:00,3775.11,3776.67,3771.04,3775.67,221
2026-01-23 05:00:00,3775.67,3783.59,3774.48,3779.13,196
2026-01-23 06:00:00,3779.13,3787.72,3774.84,3783.06,290
2026-01-23 07:00:00,3783.06,3785.8,3780.29,3780.82,90
2026-01-23 08:00:00,3780.82,3784.84,3775.62,3783.59,361
2026-01-23 09:00:00,3783.59,3787.06,3782.53,3783.92,197
2026-01-23 10:00:00,3783.92,3785.77,3780.23,3784.08,368
2026-01-23 11:00:00,3784.08,3788.9,3783.03,3786.11,305
2026-01-23 12:00:00,3786.11,3789.19,3783.8,3785.51,123
2026-01-23 13:00:00,3785.51,3787.47,3784.58,3785.09,230
2026-01-23 14:00:00,3785.09,3789.16,3784.16,3785.34,234
2026-01-23 15:00:00,3785.34,3790.33,3782.21,3789.49,309
2026-01-23 16:00:00,3789.49,3791.17,3784.62,3790.57,72
2026-01-23 17:00:00,3790.57,3794.25,3780.52,3785.93,179
2026-01-23 18:00:00,3785.93,3786.77,3784.16,3785.87,386
2026-01-23 19:00:00,3785.87,3789.51,3777.75,3782.11,426
2026-01-23 20:00:00,3782.11,3784.46,3779.92,3782.2,379
2026-01-23 21:00:00,3782.2,3783.58,3775.66,3780.06,287
2026-01-23 22:00:00,3780.06,3786.0,3778.89,3784.59,416
2026-01-23 23:00:00,3784.59,3788.97,3781.25,3784.04,200
2026-01-26 00:00:00,3784.04,3791.09,3781.96,3786.16,208
2026-01-26 01:00:00,3786.16,3795.99,3780.71,3792.91,328
2026-01-26 02:00:00,3792.91,3796.64,3789.9,3791.83,491
2026-01-26 03:00:00,3791.83,3796.41,3787.0,3792.01,219
2026-01-26 04:00:00,3792.01,3794.69,3788.47,3790.97,275
2026-01-26 05:00:00,3790.97,3803.03,3788.54,3798.06,145
2026-01-26 06:00:00,3798.06,3803.18,3790.27,3793.37,460
2026-01-26 07:00:00,3793.37,3794.39,3790.75,3793.48,270
2026-01-26 08:00:00,3793.48,3796.71,3785.42,3787.53,90
2026-01-26 09:00:00,3787.53,3789.67,3781.09,3783.07,278
2026-01-26 10:00:00,3783.07,3787.02,3777.44,3779.7,71
2026-01-26 11:00:00,3779.7,3783.83,3772.11,3777.17,364
2026-01-26 12:00:00,3777.17,3785.77,3771.93,3780.37,88
2026-01-26 13:00:00,3780.37,3784.23,3777.8,3780.33,312
2026-01-26 14:00:00,3780.33,3787.49,3779.12,3782.23,361
2026-01-26 15:00:00,3782.23,3786.12,3773.81,3776.5,114
2026-01-26 16:00:00,3776.5,3785.16,3774.09,3782.83,340
2026-01-26 17:00:00,3782.83,3786.34,3781.56,3785.68,280
2026-01-26 18:00:00,3785.68,3793.66,3782.31,3789.34,321
2026-01-26 19:00:00,3789.34,3791.67,3786.05,3788.12,192
2026-01-26 20:00:00,3788.12,3792.3,3785.12,3788.12,248
2026-01-26 21:00:00,3788.12,3795.15,3787.03,3790.08,446
2026-01-26 22:00:00,3790.08,3795.56,3787.87,3789.8,301
2026-01-26 23:00:00,3789.8,3795.64,3788.62,3794.14,87
2026-01-27 00:00:00,3794.14,3796.87,3785.03,3785.97,399
2026-01-27 01:00:00,3785.97,3793.85,3780.54,3788.51,391
2026-01-27 02:00:00,3788.51,3791.72,3782.71,3787.67,485
2026-01-27 03:00:00,3787.67,3790.16,3783.62,3788.87,408
2026-01-27 04:00:00,3788.87,3791.91,3783.15,3784.26,152
2026-01-27 05:00:00,3784.26,3788.72,3777.17,3778.85,302
2026-01-27 06:00:00,3778.85,3786.2,3774.33,3783.86,332
2026-01-27 07:00:00,3783.86,3785.85,3778.94,3784.7,83
2026-01-27 08:00:00,3784.7,3788.79,3775.82,3778.95,443
2026-01-27 09:00:00,3778.95,3796.23,3775.58,3793.68,114
2026-01-27 10:00:00,3793.68,3802.08,3789.78,3799.33,226
2026-01-27 11:00:00,3799.33,3800.47,3793.69,3798.34,332
2026-01-27 12:00:00,3798.34,3803.67,3794.06,3796.72,494
2026-01-27 13:00:00,3796.72,3797.5,3793.65,3794.77,128
2026-01-27 14:00:00,3794.77,3799.94,3792.35,3793.98,315
2026-01-27 15:00:00,3793.98,3801.19,3789.25,3796.22,178
2026-01-27 16:00:00,3796.22,3801.4,3792.59,3799.53,364
2026-01-27 17:00:00,3799.53,3812.15,3796.52,3808.98,136
2026-01-27 18:00:00,3808.98,3810.34,3800.94,3804.56,359
2026-01-27 19:00:00,3804.56,3806.75,3796.56,3801.68,71
2026-01-27 20:00:00,3801.68,3802.85,3797.97,3802.12,345
2026-01-27 21:00:00,3802.12,3803.94,3799.72,3801.27,342
2026-01-27 22:00:00,3801.27,3804.26,3792.69,3796.33,198
2026-01-27 23:00:00,3796.33,3802.9,3794.32,3799.19,175
2026-01-28 00:00:00,3799.19,3803.23,3798.33,3801.24,80
2026-01-28 01:00:00,3801.24,3802.53,3792.94,3795.52,287
2026-01-28 02:00:00,3795.52,3799.14,3791.43,3797.08,425
2026-01-28 03:00:00,3797.08,3807.76,3794.85,3802.32,254
2026-01-28 04:00:00,3802.32,3808.25,3800.22,3804.94,288
2026-01-28 05:00:00,3804.94,3808.87,3802.19,3807.76,122
2026-01-28 06:00:00,3807.76,3812.9,3804.18,3810.48,177
2026-01-28 07:00:00,3810.48,3817.68,3805.47,3812.37,466
2026-01-28 08:00:00,3812.37,3814.43,3805.59,3809.91,305
2026-01-28 09:00:00,3809.91,3820.03,3807.08,3814.55,500
2026-01-28 10:00:00,3814.55,3819.78,3811.21,3814.24,173
2026-01-28 11:00:00,3814.24,3816.63,3811.98,3815.05,75
2026-01-28 12:00:00,3815.05,3819.76,3810.13,3813.99,196
2026-01-28 13:00:00,3813.99,3822.46,3809.25,3819.28,270
2026-01-28 14:00:00,3819.28,3823.7,3816.76,3821.37,73
2026-01-28 15:00:00,3821.37,3826.21,3818.02,3823.71,149
2026-01-28 16:00:00,3823.71,3826.14,3818.82,3821.57,331
2026-01-28 17:00:00,3821.57,3825.98,3816.12,3824.08,398
2026-01-28 18:00:00,3824.08,3825.06,3820.1,3822.47,223
2026-01-28 19:00:00,3822.47,3825.76,3818.79,3821.12,123
2026-01-28 20:00:00,3821.12,3825.62,3820.39,3822.62,120
2026-01-28 21:00:00,3822.62,3831.22,3818.1,3827.15,315
2026-01-28 22:00:00,3827.15,3830.23,3819.75,3821.89,363
2026-01-28 23:00:00,3821.89,3825.44,3819.43,3823.35,365
2026-01-29 00:00:00,3823.35,3825.53,3818.48,3823.12,322
2026-01-29 01:00:00,3823.12,3826.07,3816.44,3819.75,293
2026-01-29 02:00:00,3819.75,3825.16,3814.35,3821.29,348
2026-01-29 03:00:00,3821.29,3823.33,3812.79,3817.78,496
2026-01-29 04:00:00,3817.78,3820.65,3812.09,3817.43,450
2026-01-29 05:00:00,3817.43,3822.79,3813.18,3816.57,166
2026-01-29 06:00:00,3816.57,3817.92,3811.97,3815.62,367
2026-01-29 07:00:00,3815.62,3819.99,3808.01,3810.41,470
2026-01-29 08:00:00,3810.41,3815.65,3808.93,3809.98,59
2026-01-29 09:00:00,3809.98,3812.69,3806.47,3809.06,261
2026-01-29 10:00:00,3809.06,3813.43,3802.46,3807.56,496
2026-01-29 11:00:00,3807.56,3812.3,3799.59,3803.73,411
2026-01-29 12:00:00,3803.73,3807.62,3799.92,3805.49,319
2026-01-29 13:00:00,3805.49,3809.95,3800.21,3807.57,285
2026-01-29 14:00:00,3807.57,3812.96,3803.21,3810.69,419
2026-01-29 15:00:00,3810.69,3814.59,3804.25,3808.77,185
2026-01-29 16:00:00,3808.77,3810.5,3803.47,3806.76,165
2026-01-29 17:00:00,3806.76,3811.97,3799.68,3805.09,444
2026-01-29 18:00:00,3805.09,3809.11,3802.34,3804.43,228
2026-01-29 19:00:00,3804.43,3810.37,3799.26,3807.07,419
2026-01-29 20:00:00,3807.07,3810.95,3804.37,3806.77,252
2026-01-29 21:00:00,3806.77,3813.38,3801.5,3808.79,461
2026-01-29 22:00:00,3808.79,3814.78,3807.89,3809.5,276
2026-01-29 23:00:00,3809.5,3814.21,3805.26,3810.43,159
2026-01-30 00:00:00,3810.43,3817.08,3806.45,3811.91,120
2026-01-30 01:00:00,3811.91,3817.71,3807.71,3816.66,172
2026-01-30 02:00:00,3816.66,3820.1,3812.97,3816.94,76
2026-01-30 03:00:00,3816.94,3823.89,3814.79,3822.89,291
2026-01-30 04:00:00,3822.89,3828.96,3819.64,3828.43,130
2026-01-30 05:00:00,3828.43,3835.01,3823.25,3832.48,499
2026-01-30 06:00:00,3832.48,3836.76,3824.81,3826.75,196
2026-01-30 07:00:00,3826.75,3831.36,3821.71,3827.63,95
2026-01-30 08:00:00,3827.63,3831.82,3821.2,3825.95,69
2026-01-30 09:00:00,3825.95,3831.02,3822.19,3823.57,478
2026-01-30 10:00:00,3823.57,3833.1,3821.09,3827.61,303
2026-01-30 11:00:00,3827.61,3837.06,3823.36,3835.63,496
2026-01-30 12:00:00,3835.63,3843.5,3832.29,3842.95,104
2026-01-30 13:00:00,3842.95,3848.09,3837.1,3839.28,282
2026-01-30 14:00:00,3839.28,3847.25,3834.09,3844.28,485
2026-01-30 15:00:00,3844.28,3847.3,3842.08,3843.94,464
2026-01-30 16:00:00,3843.94,3848.54,3842.15,3845.75,145
2026-01-30 17:00:00,3845.75,3847.87,3843.56,3847.3,201
2026-01-30 18:00:00,3847.3,3848.68,3836.39,3841.17,257
2026-01-30 19:00:00,3841.17,3845.8,3835.31,3838.39,94
2026-01-30 20:00:00,3838.39,3843.8,3834.05,3836.94,177
2026-01-30 21:00:00,3836.94,3838.52,3834.52,3837.99,278
2026-01-30 22:00:00,3837.99,3840.23,3833.88,3838.22,55
2026-01-30 23:00:00,3838.22,3840.03,3826.0,3828.3,170
2026-02-02 00:00:00,3828.3,3832.19,3825.77,3830.16,307
2026-02-02 01:00:00,3830.16,3836.04,3825.22,3830.92,444
2026-02-02 02:00:00,3830.92,3836.0,3828.19,3830.17,364
2026-02-02 03:00:00,3830.17,3833.62,3824.88,3832.02,294
2026-02-02 04:00:00,3832.02,3839.34,3829.44,3835.81,331
2026-02-02 05:00:00,3835.81,3846.32,3831.52,3841.26,460
2026-02-02 06:00:00,3841.26,3843.0,3835.55,3839.82,497
2026-02-02 07:00:00,3839.82,3844.26,3834.28,3837.41,320
2026-02-02 08:00:00,3837.41,3840.73,3836.14,3836.95,330
2026-02-02 09:00:00,3836.95,3841.96,3833.89,3835.4,324
2026-02-02 10:00:00,3835.4,3840.6,3834.32,3837.5,155
2026-02-02 11:00:00,3837.5,3844.46,3834.56,3840.38,311
2026-02-02 12:00:00,3840.38,3841.54,3836.53,3839.11,338
2026-02-02 13:00:00,3839.11,3840.35,3836.3,3839.56,463
2026-02-02 14:00:00,3839.56,3841.33,3838.74,3839.26,161
2026-02-02 15:00:00,3839.26,3843.43,3838.53,3840.04,226
2026-02-02 16:00:00,3840.04,3840.84,3833.54,3838.51,291
2026-02-02 17:00:00,3838.51,3839.17,3831.22,3833.76,443
2026-02-02 18:00:00,3833.76,3841.69,3828.44,3837.54,241
2026-02-02 19:00:00,3837.54,3847.31,3835.13,3841.85,495
2026-02-02 20:00:00,3841.85,3846.13,3836.53,3845.23,497
2026-02-02 21:00:00,3845.23,3848.43,3839.52,3843.29,228
2026-02-02 22:00:00,3843.29,3855.0,3842.15,3852.53,164
2026-02-02 23:00:00,3852.53,3865.73,3848.25,3861.06,202
2026-02-03 00:00:00,3861.06,3863.68,3852.46,3854.86,167
2026-02-03 01:00:00,3854.86,3858.07,3852.63,3856.33,191
2026-02-03 02:00:00,3856.33,3863.74,3855.67,3859.41,388
2026-02-03 03:00:00,3859.41,3869.57,3855.08,3866.97,58
2026-02-03 04:00:00,3866.97,3870.53,3864.24,3867.06,394
2026-02-03 05:00:00,3867.06,3872.57,3866.32,3868.55,429
2026-02-03 06:00:00,3868.55,3875.89,3864.28,3872.69,447
2026-02-03 07:00:00,3872.69,3874.65,3869.67,3873.87,198
2026-02-03 08:00:00,3873.87,3878.14,3870.48,3874.76,445
2026-02-03 09:00:00,3874.76,3887.49,3872.66,3883.63,204
2026-02-03 10:00:00,3883.63,3895.05,3881.06,3891.94,190
2026-02-03 11:00:00,3891.94,3892.74,3878.52,3883.76,500
2026-02-03 12:00:00,3883.76,3887.65,3880.25,3883.53,74
2026-02-03 13:00:00,3883.53,3888.89,3875.85,3881.06,393
2026-02-03 14:00:00,3881.06,3885.04,3874.94,3877.48,203
2026-02-03 15:00:00,3877.48,3883.17,3873.21,3880.79,292
2026-02-03 16:00:00,3880.79,3885.74,3879.57,3880.95,287
2026-02-03 17:00:00,3880.95,3888.87,3877.64,3883.8,263
2026-02-03 18:00:00,3883.8,3885.51,3880.27,3881.79,381
2026-02-03 19:00:00,3881.79,3882.69,3878.28,3881.03,239
2026-02-03 20:00:00,3881.03,3887.85,3879.19,3886.4,394
2026-02-03 21:00:00,3886.4,3893.45,3885.7,3889.93,87
2026-02-03 22:00:00,3889.93,3896.62,3886.64,3892.5,295
2026-02-03 23:00:00,3892.5,3900.31,3887.46,3898.77,205
2026-02-04 00:00:00,3898.77,3904.64,3893.46,3899.45,110
2026-02-04 01:00:00,3899.45,3903.68,3894.99,3899.26,174
2026-02-04 02:00:00,3899.26,3901.74,3895.47,3897.17,214
2026-02-04 03:00:00,3897.17,3901.55,3888.89,3891.29,323
2026-02-04 04:00:00,3891.29,3893.59,3884.34,3889.25,288
2026-02-04 05:00:00,3889.25,3890.24,3881.08,3886.49,290
2026-02-04 06:00:00,3886.49,3888.27,3884.43,3886.75,73
2026-02-04 07:00:00,3886.75,3890.06,3881.63,3883.24,124
2026-02-04 08:00:00,3883.24,3891.71,3879.14,3888.29,201
2026-02-04 09:00:00,3888.29,3890.07,3886.14,3888.81,244
2026-02-04 10:00:00,3888.81,3892.06,3880.87,3886.09,222
2026-02-04 11:00:00,3886.09,3887.88,3880.2,3884.81,420
2026-02-04 12:00:00,3884.81,3886.15,3877.42,3881.89,136
2026-02-04 13:00:00,3881.89,3883.09,3875.05,3878.28,144
2026-02-04 14:00:00,3878.28,3886.32,3877.49,3882.61,67
2026-02-04 15:00:00,3882.61,3887.31,3879.25,3880.12,468
2026-02-04 16:00:00,3880.12,3882.68,3872.07,3876.78,168
2026-02-04 17:00:00,3876.78,3877.62,3869.6,3870.86,161
2026-02-04 18:00:00,3870.86,3874.45,3863.17,3867.0,365
2026-02-04 19:00:00,3867.0,3872.06,3863.06,3866.86,58
2026-02-04 20:00:00,3866.86,3872.48,3863.71,3871.92,190
2026-02-04 21:00:00,3871.92,3875.31,3869.99,3872.13,307
2026-02-04 22:00:00,3872.13,3878.97,3867.08,3874.44,104
2026-02-04 23:00:00,3874.44,3879.53,3865.8,3868.92,173
2026-02-05 00:00:00,3868.92,3875.25,3867.08,3870.67,253
2026-02-05 01:00:00,3870.67,3876.14,3865.37,3875.24,285
2026-02-05 02:00:00,3875.24,3876.87,3860.15,3864.07,484
2026-02-05 03:00:00,3864.07,3864.97,3853.78,3859.24,382
2026-02-05 04:00:00,3859.24,3861.75,3855.98,3859.35,78
2026-02-05 05:00:00,3859.35,3863.03,3853.57,3857.58,92
2026-02-05 06:00:00,3857.58,3862.0,3849.98,3853.31,489
2026-02-05 07:00:00,3853.31,3858.68,3848.34,3853.31,71
2026-02-05 08:00:00,3853.31,3858.36,3849.98,3854.4,188
2026-02-05 09:00:00,3854.4,3863.67,3853.53,3862.94,193
2026-02-05 10:00:00,3862.94,3867.75,3857.8,3867.09,211
2026-02-05 11:00:00,3867.09,3867.67,3862.5,3864.04,123
2026-02-05 12:00:00,3864.04,3866.62,3863.16,3864.13,133
2026-02-05 13:00:00,3864.13,3867.45,3854.48,3857.81,484
2026-02-05 14:00:00,3857.81,3859.97,3846.99,3851.27,121
2026-02-05 15:00:00,3851.27,3861.19,3847.32,3856.74,90
2026-02-05 16:00:00,3856.74,3857.51,3843.22,3845.91,479
2026-02-05 17:00:00,3845.91,3846.79,3842.33,3845.86,364
2026-02-05 18:00:00,3845.86,3854.09,3845.21,3849.72,189
2026-02-05 19:00:00,3849.72,3854.14,3845.84,3848.59,166
2026-02-05 20:00:00,3848.59,3851.25,3838.82,3842.72,388
2026-02-05 21:00:00,3842.72,3852.61,3838.36,3850.21,201
2026-02-05 22:00:00,3850.21,3853.0,3848.94,3852.09,414
2026-02-05 23:00:00,3852.09,3856.51,3844.78,3846.05,249
2026-02-06 00:00:00,3846.05,3846.58,3843.24,3845.28,234
2026-02-06 01:00:00,3845.28,3851.32,3844.27,3847.01,94
2026-02-06 02:00:00,3847.01,3851.95,3844.47,3848.68,63
2026-02-06 03:00:00,3848.68,3853.66,3845.41,3852.71,355
2026-02-06 04:00:00,3852.71,3855.14,3847.86,3849.82,248
2026-02-06 05:00:00,3849.82,3854.22,3843.65,3847.77,336
2026-02-06 06:00:00,3847.77,3860.29,3846.42,3856.93,244
2026-02-06 07:00:00,3856.93,3858.28,3848.88,3850.72,187
2026-02-06 08:00:00,3850.72,3853.39,3846.67,3849.28,297
2026-02-06 09:00:00,3849.28,3853.75,3846.97,3849.34,176
2026-02-06 10:00:00,3849.34,3852.92,3845.7,3848.49,119
2026-02-06 11:00:00,3848.49,3850.51,3838.65,3843.89,220
2026-02-06 12:00:00,3843.89,3850.83,3841.19,3846.02,270
2026-02-06 13:00:00,3846.02,3850.6,3837.94,3842.74,354
2026-02-06 14:00:00,3842.74,3850.29,3841.24,3845.05,210
2026-02-06 15:00:00,3845.05,3849.09,3842.56,3847.7,213
2026-02-06 16:00:00,3847.7,3850.66,3842.73,3846.11,174
2026-02-06 17:00:00,3846.11,3854.2,3844.21,3852.07,452
2026-02-06 18:00:00,3852.07,3855.39,3847.07,3850.53,329
2026-02-06 19:00:00,3850.53,3853.16,3846.19,3851.76,63
2026-02-06 20:00:00,3851.76,3860.06,3849.07,3856.02,199
2026-02-06 21:00:00,3856.02,3860.68,3853.87,3854.72,484
2026-02-06 22:00:00,3854.72,3858.88,3851.05,3855.88,173
2026-02-06 23:00:00,3855.88,3857.64,3850.67,3851.94,266
2026-02-09 00:00:00,3851.94,3857.77,3849.04,3852.32,255
2026-02-09 01:00:00,3852.32,3855.49,3845.68,3850.8,495
2026-02-09 02:00:00,3850.8,3855.25,3846.71,3849.01,465
2026-02-09 03:00:00,3849.01,3852.19,3840.64,3844.33,93
2026-02-09 04:00:00,3844.33,3850.49,3843.0,3846.67,363
2026-02-09 05:00:00,3846.67,3849.31,3841.25,3848.59,396
2026-02-09 06:00:00,3848.59,3850.75,3837.8,3842.28,104
2026-02-09 07:00:00,3842.28,3842.83,3832.17,3833.96,311
2026-02-09 08:00:00,3833.96,3837.9,3832.25,3833.86,241
2026-02-09 09:00:00,3833.86,3836.32,3824.39,3828.75,351
2026-02-09 10:00:00,3828.75,3834.24,3825.0,3827.91,201
2026-02-09 11:00:00,3827.91,3830.49,3820.47,3825.78,109
2026-02-09 12:00:00,3825.78,3831.19,3823.56,3828.95,451
2026-02-09 13:00:00,3828.95,3830.48,3820.39,3823.3,293
2026-02-09 14:00:00,3823.3,3831.29,3822.46,3828.53,72
2026-02-09 15:00:00,3828.53,3836.76,3827.45,3832.21,484
2026-02-09 16:00:00,3832.21,3836.71,3826.0,3831.15,429
2026-02-09 17:00:00,3831.15,3834.48,3829.78,3832.76,131
2026-02-09 18:00:00,3832.76,3835.57,3826.22,3830.71,372
2026-02-09 19:00:00,3830.71,3835.81,3827.01,3834.39,271
2026-02-09 20:00:00,3834.39,3839.31,3826.46,3829.21,269
2026-02-09 21:00:00,3829.21,3835.64,3825.19,3833.2,155
2026-02-09 22:00:00,3833.2,3837.68,3828.7,3832.09,459
2026-02-09 23:00:00,3832.09,3843.09,3830.66,3838.23,216
2026-02-10 00:00:00,3838.23,3842.72,3835.28,3838.87,377
2026-02-10 01:00:00,3838.87,3842.8,3836.43,3840.73,250
2026-02-10 02:00:00,3840.73,3845.46,3833.98,3837.57,466
2026-02-10 03:00:00,3837.57,3841.44,3831.15,3835.65,364
2026-02-10 04:00:00,3835.65,3837.72,3828.92,3830.61,109
2026-02-10 05:00:00,3830.61,3832.03,3823.43,3827.4,311
2026-02-10 06:00:00,3827.4,3830.77,3820.66,3823.28,299
2026-02-10 07:00:00,3823.28,3830.43,3819.31,3826.75,380
2026-02-10 08:00:00,3826.75,3830.32,3824.81,3828.99,145
2026-02-10 09:00:00,3828.99,3831.06,3825.19,3827.95,77
2026-02-10 10:00:00,3827.95,3837.41,3826.47,3834.49,246
2026-02-10 11:00:00,3834.49,3839.81,3824.09,3827.12,303
2026-02-10 12:00:00,3827.12,3831.17,3820.48,3823.2,135
2026-02-10 13:00:00,3823.2,3826.62,3822.55,3825.71,439
2026-02-10 14:00:00,3825.71,3827.52,3823.77,3825.9,449
2026-02-10 15:00:00,3825.9,3829.7,3821.69,3826.91,442
2026-02-10 16:00:00,3826.91,3830.27,3820.29,3822.13,328
2026-02-10 17:00:00,3822.13,3826.89,3819.8,3822.27,471
2026-02-10 18:00:00,3822.27,3825.27,3820.68,3822.56,267
2026-02-10 19:00:00,3822.56,3823.57,3811.16,3815.81,434
2026-02-10 20:00:00,3815.81,3816.6,3814.0,3815.94,491
2026-02-10 21:00:00,3815.94,3828.67,3813.24,3824.09,110
2026-02-10 22:00:00,3824.09,3829.11,3820.65,3824.56,229
2026-02-10 23:00:00,3824.56,3829.37,3818.11,3821.66,269
2026-02-11 00:00:00,3821.66,3824.29,3820.13,3822.76,80
2026-02-11 01:00:00,3822.76,3828.0,3819.6,3824.65,355
2026-02-11 02:00:00,3824.65,3828.67,3819.27,3821.22,186
2026-02-11 03:00:00,3821.22,3826.48,3817.3,3820.37,397
2026-02-11 04:00:00,3820.37,3825.48,3817.81,3821.23,80
2026-02-11 05:00:00,3821.23,3826.69,3814.41,3819.25,114
2026-02-11 06:00:00,3819.25,3820.48,3816.5,3818.61,176
2026-02-11 07:00:00,3818.61,3822.92,3812.69,3816.57,300
2026-02-11 08:00:00,3816.57,3823.76,3814.19,3820.12,88
2026-02-11 09:00:00,3820.12,3828.2,3815.22,3824.53,97
2026-02-11 10:00:00,3824.53,3828.5,3814.18,3819.07,282
2026-02-11 11:00:00,3819.07,3828.14,3816.93,3822.89,51
2026-02-11 12:00:00,3822.89,3829.13,3817.53,3828.16,375
2026-02-11 13:00:00,3828.16,3831.98,3820.18,3822.47,82
2026-02-11 14:00:00,3822.47,3828.95,3817.85,3823.61,303
2026-02-11 15:00:00,3823.61,3825.45,3815.11,3819.75,222
2026-02-11 16:00:00,3819.75,3824.51,3813.29,3817.73,399
2026-02-11 17:00:00,3817.73,3822.04,3816.38,3817.11,370
2026-02-11 18:00:00,3817.11,3819.17,3812.32,3818.05,275
2026-02-11 19:00:00,3818.05,3820.83,3808.25,3813.71,269
2026-02-11 20:00:00,3813.71,3816.67,3809.96,3815.51,131
2026-02-11 21:00:00,3815.51,3826.22,3810.63,3821.35,97
2026-02-11 22:00:00,3821.35,3823.71,3814.62,3819.64,134
2026-02-11 23:00:00,3819.64,3820.4,3813.5,3817.13,421
2026-02-12 00:00:00,3817.13,3820.91,3812.2,3816.22,50
2026-02-12 01:00:00,3816.22,3817.79,3812.55,3813.44,353
2026-02-12 02:00:00,3813.44,3814.89,3809.46,3814.34,468
2026-02-12 03:00:00,3814.34,3821.41,3809.54,3820.31,405
2026-02-12 04:00:00,3820.31,3823.76,3816.16,3821.34,102
2026-02-12 05:00:00,3821.34,3823.49,3819.0,3822.47,203
2026-02-12 06:00:00,3822.47,3831.23,3821.3,3826.96,396
2026-02-12 07:00:00,3826.96,3833.4,3823.81,3832.19,54
2026-02-12 08:00:00,3832.19,3834.45,3828.78,3830.35,433
2026-02-12 09:00:00,3830.35,3831.61,3826.26,3828.82,401
2026-02-12 10:00:00,3828.82,3833.8,3825.0,3826.2,113
2026-02-12 11:00:00,3826.2,3830.64,3823.78,3827.19,269
2026-02-12 12:00:00,3827.19,3829.07,3825.4,3826.32,333
2026-02-12 13:00:00,3826.32,3831.84,3822.21,3828.34,195
2026-02-12 14:00:00,3828.34,3834.19,3824.55,3829.45,204
2026-02-12 15:00:00,3829.45,3830.98,3819.9,3823.43,146
2026-02-12 16:00:00,3823.43,3824.2,3818.39,3823.38,172
2026-02-12 17:00:00,3823.38,3826.35,3818.97,3820.03,305
2026-02-12 18:00:00,3820.03,3824.97,3818.48,3819.04,234
2026-02-12 19:00:00,3819.04,3824.21,3816.71,3817.87,490
2026-02-12 20:00:00,3817.87,3823.32,3816.51,3820.09,291
2026-02-12 21:00:00,3820.09,3825.36,3812.2,3816.55,58
2026-02-12 22:00:00,3816.55,3818.13,3810.87,3815.98,454
2026-02-12 23:00:00,3815.98,3818.47,3813.7,3815.63,414
2026-02-13 00:00:00,3815.63,3819.64,3810.58,3811.49,324
2026-02-13 01:00:00,3811.49,3814.68,3810.2,3811.46,92
2026-02-13 02:00:00,3811.46,3812.98,3805.16,3809.7,324
2026-02-13 03:00:00,3809.7,3816.28,3806.27,3814.15,440
2026-02-13 04:00:00,3814.15,3818.04,3810.16,3817.21,423
2026-02-13 05:00:00,3817.21,3822.48,3810.31,3812.0,175
2026-02-13 06:00:00,3812.0,3818.43,3808.46,3815.66,208
2026-02-13 07:00:00,3815.66,3821.69,3811.87,3817.86,139
2026-02-13 08:00:00,3817.86,3826.46,3816.54,3822.45,227
2026-02-13 09:00:00,3822.45,3829.85,3818.04,3826.73,419
2026-02-13 10:00:00,3826.73,3830.98,3821.64,3826.51,425
2026-02-13 11:00:00,3826.51,3835.29,3822.15,3830.36,65
2026-02-13 12:00:00,3830.36,3833.48,3826.39,3828.2,345
2026-02-13 13:00:00,3828.2,3835.49,3825.22,3831.85,311
2026-02-13 14:00:00,3831.85,3835.18,3826.51,3828.85,180
2026-02-13 15:00:00,3828.85,3836.84,3823.88,3832.47,395
2026-02-13 16:00:00,3832.47,3835.51,3831.26,3831.98,491
2026-02-13 17:00:00,3831.98,3832.54,3828.41,3829.14,236
2026-02-13 18:00:00,3829.14,3834.3,3822.66,3827.45,333
2026-02-13 19:00:00,3827.45,3833.5,3823.38,3828.98,385
2026-02-13 20:00:00,3828.98,3831.56,3821.8,3825.9,188
2026-02-13 21:00:00,3825.9,3832.24,3822.54,3827.61,111
2026-02-13 22:00:00,3827.61,3829.01,3814.47,3818.99,73
2026-02-13 23:00:00,3818.99,3824.26,3818.04,3818.88,288
2026-02-16 00:00:00,3818.88,3825.52,3817.95,3823.47,283
2026-02-16 01:00:00,3823.47,3824.01,3816.83,3818.33,338
2026-02-16 02:00:00,3818.33,3821.45,3815.99,3819.74,302
2026-02-16 03:00:00,3819.74,3825.23,3808.95,3813.33,425
2026-02-16 04:00:00,3813.33,3820.54,3812.8,3818.81,259
2026-02-16 05:00:00,3818.81,3819.43,3811.64,3814.85,375
2026-02-16 06:00:00,3814.85,3824.47,3814.34,3819.22,386
2026-02-16 07:00:00,3819.22,3821.6,3808.1,3812.29,207
2026-02-16 08:00:00,3812.29,3817.88,3809.33,3816.19,80
2026-02-16 09:00:00,3816.19,3824.54,3814.98,3819.18,193
2026-02-16 10:00:00,3819.18,3831.69,3816.08,3826.7,408
2026-02-16 11:00:00,3826.7,3836.66,3823.91,3831.68,432
2026-02-16 12:00:00,3831.68,3834.39,3827.08,3833.22,88
2026-02-16 13:00:00,3833.22,3837.59,3832.41,3834.13,389
2026-02-16 14:00:00,3834.13,3838.8,3832.05,3837.0,460
2026-02-16 15:00:00,3837.0,3839.46,3831.68,3836.34,217
2026-02-16 16:00:00,3836.34,3837.21,3833.51,3835.02,449
2026-02-16 17:00:00,3835.02,3842.27,3833.98,3837.92,104
2026-02-16 18:00:00,3837.92,3842.75,3834.74,3840.22,444
2026-02-16 19:00:00,3840.22,3845.61,3838.18,3844.07,185
2026-02-16 20:00:00,3844.07,3849.66,3842.05,3845.12,410
2026-02-16 21:00:00,3845.12,3849.1,3843.03,3843.73,477
2026-02-16 22:00:00,3843.73,3849.2,3838.39,3845.14,252
2026-02-16 23:00:00,3845.14,3848.21,3839.47,3843.36,183
2026-02-17 00:00:00,3843.36,3849.67,3838.59,3844.41,334
2026-02-17 01:00:00,3844.41,3848.65,3840.42,3842.17,286
2026-02-17 02:00:00,3842.17,3848.98,3841.36,3847.87,449
2026-02-17 03:00:00,3847.87,3857.53,3846.72,3852.12,471
2026-02-17 04:00:00,3852.12,3857.31,3846.26,3847.18,350
2026-02-17 05:00:00,3847.18,3852.53,3842.62,3850.74,61
2026-02-17 06:00:00,3850.74,3857.12,3846.19,3853.39,97
2026-02-17 07:00:00,3853.39,3858.42,3848.69,3853.34,219
2026-02-17 08:00:00,3853.34,3860.95,3848.22,3860.2,271
2026-02-17 09:00:00,3860.2,3871.46,3857.73,3866.85,65
2026-02-17 10:00:00,3866.85,3869.12,3858.69,3863.73,190
2026-02-17 11:00:00,3863.73,3868.47,3858.81,3866.57,67
2026-02-17 12:00:00,3866.57,3870.31,3859.4,3862.39,331
2026-02-17 13:00:00,3862.39,3865.29,3857.81,3858.75,246
2026-02-17 14:00:00,3858.75,3865.41,3855.62,3860.49,372
2026-02-17 15:00:00,3860.49,3867.99,3857.27,3862.52,59
2026-02-17 16:00:00,3862.52,3871.79,3859.3,3869.49,298
2026-02-17 17:00:00,3869.49,3871.71,3865.7,3869.03,214
2026-02-17 18:00:00,3869.03,3871.12,3865.51,3867.11,465
2026-02-17 19:00:00,3867.11,3873.13,3866.32,3868.74,291
2026-02-17 20:00:00,3868.74,3874.24,3856.66,3862.03,101
2026-02-17 21:00:00,3862.03,3863.77,3859.06,3860.77,323
2026-02-17 22:00:00,3860.77,3865.16,3855.29,3864.38,162
2026-02-17 23:00:00,3864.38,3867.76,3850.8,3856.21,248
2026-02-18 00:00:00,3856.21,3860.94,3850.15,3851.53,353
2026-02-18 01:00:00,3851.53,3859.67,3847.34,3857.58,233
2026-02-18 02:00:00,3857.58,3862.4,3852.34,3858.4,338
2026-02-18 03:00:00,3858.4,3859.61,3852.67,3857.91,478
2026-02-18 04:00:00,3857.91,3869.11,3855.86,3866.15,301
2026-02-18 05:00:00,3866.15,3866.84,3864.75,3865.53,358
2026-02-18 06:00:00,3865.53,3866.98,3860.44,3866.48,153
2026-02-18 07:00:00,3866.48,3875.81,3864.28,3871.28,140
2026-02-18 08:00:00,3871.28,3880.13,3870.67,3878.01,350
2026-02-18 09:00:00,3878.01,3882.03,3873.03,3874.24,106
2026-02-18 10:00:00,3874.24,3884.06,3871.87,3878.76,389
2026-02-18 11:00:00,3878.76,3881.24,3871.22,3872.23,204
2026-02-18 12:00:00,3872.23,3876.39,3864.74,3867.42,377
2026-02-18 13:00:00,3867.42,3882.52,3863.67,3877.22,139
2026-02-18 14:00:00,3877.22,3882.17,3872.28,3875.85,232
2026-02-18 15:00:00,3875.85,3877.47,3867.46,3870.9,139
2026-02-18 16:00:00,3870.9,3872.87,3864.81,3866.2,50
2026-02-18 17:00:00,3866.2,3875.94,3860.96,3870.7,250
2026-02-18 18:00:00,3870.7,3878.1,3869.29,3874.76,212
2026-02-18 19:00:00,3874.76,3879.87,3863.88,3869.22,163
2026-02-18 20:00:00,3869.22,3872.2,3865.86,3868.02,89
2026-02-18 21:00:00,3868.02,3869.71,3861.17,3866.58,135
2026-02-18 22:00:00,3866.58,3871.19,3855.99,3859.84,423
2026-02-18 23:00:00,3859.84,3864.77,3849.35,3852.08,185
2026-02-19 00:00:00,3852.08,3855.87,3847.64,3853.62,418
2026-02-19 01:00:00,3853.62,3860.08,3851.19,3859.57,425
2026-02-19 02:00:00,3859.57,3862.14,3852.55,3857.46,229
2026-02-19 03:00:00,3857.46,3861.86,3856.45,3858.63,295
2026-02-19 04:00:00,3858.63,3864.19,3857.0,3859.9,281
2026-02-19 05:00:00,3859.9,3860.77,3850.07,3854.8,200
2026-02-19 06:00:00,3854.8,3858.91,3852.59,3857.89,242
2026-02-19 07:00:00,3857.89,3859.58,3857.01,3858.28,97
2026-02-19 08:00:00,3858.28,3863.25,3848.16,3852.18,270
2026-02-19 09:00:00,3852.18,3867.28,3850.86,3862.07,272
2026-02-19 10:00:00,3862.07,3864.62,3860.62,3863.09,406
2026-02-19 11:00:00,3863.09,3867.9,3857.96,3864.63,326
2026-02-19 12:00:00,3864.63,3866.32,3863.57,3864.32,342
2026-02-19 13:00:00,3864.32,3870.81,3861.37,3867.56,77
2026-02-19 14:00:00,3867.56,3869.53,3861.04,3864.85,357
2026-02-19 15:00:00,3864.85,3870.99,3863.87,3868.09,155
2026-02-19 16:00:00,3868.09,3870.59,3863.37,3869.68,207
2026-02-19 17:00:00,3869.68,3877.02,3866.83,3872.6,388
2026-02-19 18:00:00,3872.6,3875.04,3869.7,3872.06,245
2026-02-19 19:00:00,3872.06,3880.12,3869.33,3877.77,184
2026-02-19 20:00:00,3877.77,3882.46,3871.54,3874.86,127
2026-02-19 21:00:00,3874.86,3880.28,3871.02,3876.02,93
2026-02-19 22:00:00,3876.02,3878.59,3868.16,3872.44,166
2026-02-19 23:00:00,3872.44,3875.71,3861.41,3866.11,469
2026-02-20 00:00:00,3866.11,3870.05,3850.65,3855.83,343
2026-02-20 01:00:00,3855.83,3860.74,3851.48,3854.36,90
2026-02-20 02:00:00,3854.36,3855.03,3844.81,3848.17,314
2026-02-20 03:00:00,3848.17,3857.49,3844.28,3852.99,367
2026-02-20 04:00:00,3852.99,3861.61,3847.74,3858.86,135
2026-02-20 05:00:00,3858.86,3872.03,3854.32,3866.67,114
2026-02-20 06:00:00,3866.67,3872.15,3865.16,3868.23,471
2026-02-20 07:00:00,3868.23,3872.3,3863.56,3868.66,182
2026-02-20 08:00:00,3868.66,3873.2,3864.98,3865.92,334
2026-02-20 09:00:00,3865.92,3874.25,3863.79,3871.76,191
2026-02-20 10:00:00,3871.76,3872.32,3858.9,3862.9,350
2026-02-20 11:00:00,3862.9,3866.01,3859.2,3861.8,262
2026-02-20 12:00:00,3861.8,3868.26,3856.48,3864.85,101
2026-02-20 13:00:00,3864.85,3874.15,3861.54,3869.03,101
2026-02-20 14:00:00,3869.03,3875.72,3864.14,3870.82,185
2026-02-20 15:00:00,3870.82,3873.24,3860.05,3862.98,361
2026-02-20 16:00:00,3862.98,3865.49,3856.97,3860.56,398
2026-02-20 17:00:00,3860.56,3864.94,3859.87,3860.97,500
2026-02-20 18:00:00,3860.97,3865.2,3854.43,3859.53,240
2026-02-20 19:00:00,3859.53,3862.7,3854.94,3862.1,205
2026-02-20 20:00:00,3862.1,3866.89,3855.3,3859.22,494
2026-02-20 21:00:00,3859.22,3868.0,3857.22,3866.36,430
2026-02-20 22:00:00,3866.36,3868.21,3856.77,3859.35,380
2026-02-20 23:00:00,3859.35,3862.92,3856.64,3861.97,471
2026-02-23 00:00:00,3861.97,3865.05,3855.76,3858.13,78
2026-02-23 01:00:00,3858.13,3863.75,3856.84,3860.67,209
2026-02-23 02:00:00,3860.67,3865.07,3856.53,3859.65,341
2026-02-23 03:00:00,3859.65,3860.29,3854.26,3855.72,476
2026-02-23 04:00:00,3855.72,3856.81,3854.97,3856.14,234
2026-02-23 05:00:00,3856.14,3861.47,3854.27,3857.45,471
2026-02-23 06:00:00,3857.45,3862.57,3849.62,3853.53,173
2026-02-23 07:00:00,3853.53,3856.79,3850.06,3854.43,140
2026-02-23 08:00:00,3854.43,3862.09,3852.21,3858.83,478
2026-02-23 09:00:00,3858.83,3863.8,3853.48,3857.72,402
2026-02-23 10:00:00,3857.72,3859.27,3852.95,3858.52,449
2026-02-23 11:00:00,3858.52,3864.35,3853.73,3859.03,381
2026-02-23 12:00:00,3859.03,3863.21,3855.96,3859.45,492
2026-02-23 13:00:00,3859.45,3866.54,3855.11,3862.14,54
2026-02-23 14:00:00,3862.14,3863.51,3855.54,3860.04,164
2026-02-23 15:00:00,3860.04,3862.15,3855.51,3860.39,206
2026-02-23 16:00:00,3860.39,3862.27,3853.95,3858.93,486
2026-02-23 17:00:00,3858.93,3861.17,3851.05,3852.81,288
2026-02-23 18:00:00,3852.81,3856.43,3847.83,3851.25,53
2026-02-23 19:00:00,3851.25,3858.9,3847.44,3855.84,481
2026-02-23 20:00:00,3855.84,3862.04,3853.93,3858.57,400
2026-02-23 21:00:00,3858.57,3859.61,3853.4,3854.22,191
2026-02-23 22:00:00,3854.22,3856.03,3845.11,3849.17,383
2026-02-23 23:00:00,3849.17,3851.16,3841.77,3843.02,441
2026-02-24 00:00:00,3843.02,3847.89,3838.47,3843.1,256
2026-02-24 01:00:00,3843.1,3848.27,3839.2,3844.47,419
2026-02-24 02:00:00,3844.47,3851.08,3839.44,3849.1,257
2026-02-24 03:00:00,3849.1,3852.29,3848.42,3849.85,412
2026-02-24 04:00:00,3849.85,3859.43,3845.78,3857.21,401
2026-02-24 05:00:00,3857.21,3860.38,3852.55,3856.97,393
2026-02-24 06:00:00,3856.97,3858.32,3851.05,3854.84,335
2026-02-24 07:00:00,3854.84,3858.87,3853.85,3857.46,115
2026-02-24 08:00:00,3857.46,3860.76,3852.03,3857.09,398
2026-02-24 09:00:00,3857.09,3862.09,3846.9,3850.67,163
2026-02-24 10:00:00,3850.67,3852.71,3842.17,3846.61,219
2026-02-24 11:00:00,3846.61,3854.18,3843.18,3851.82,287
2026-02-24 12:00:00,3851.82,3859.33,3848.4,3854.5,367
2026-02-24 13:00:00,3854.5,3855.36,3845.92,3850.87,306
2026-02-24 14:00:00,3850.87,3858.43,3848.3,3855.28,495
2026-02-24 15:00:00,3855.28,3864.18,3854.09,3859.41,152
2026-02-24 16:00:00,3859.41,3864.37,3847.49,3852.92,123
2026-02-24 17:00:00,3852.92,3864.86,3848.84,3862.78,448
2026-02-24 18:00:00,3862.78,3871.35,3860.71,3865.92,79
2026-02-24 19:00:00,3865.92,3868.19,3864.05,3867.67,439
2026-02-24 20:00:00,3867.67,3869.73,3863.24,3868.44,449
2026-02-24 21:00:00,3868.44,3869.38,3859.69,3863.26,374
2026-02-24 22:00:00,3863.26,3866.15,3858.91,3859.43,323
2026-02-24 23:00:00,3859.43,3862.75,3857.06,3861.25,57
2026-02-25 00:00:00,3861.25,3869.65,3860.66,3866.49,52
2026-02-25 01:00:00,3866.49,3870.12,3860.53,3862.27,405
2026-02-25 02:00:00,3862.27,3865.76,3859.25,3864.75,206
2026-02-25 03:00:00,3864.75,3866.09,3857.71,3862.33,202
2026-02-25 04:00:00,3862.33,3869.61,3859.21,3866.51,272
2026-02-25 05:00:00,3866.51,3871.45,3859.63,3865.11,225
2026-02-25 06:00:00,3865.11,3874.0,3863.79,3869.75,465
2026-02-25 07:00:00,3869.75,3872.27,3868.0,3869.64,422
2026-02-25 08:00:00,3869.64,3872.99,3866.62,3872.38,113
2026-02-25 09:00:00,3872.38,3874.71,3868.37,3872.12,69
2026-02-25 10:00:00,3872.12,3876.48,3864.45,3868.07,354
2026-02-25 11:00:00,3868.07,3877.58,3864.26,3872.11,384
2026-02-25 12:00:00,3872.11,3873.84,3869.39,3872.76,113
2026-02-25 13:00:00,3872.76,3876.0,3868.81,3871.68,128
2026-02-25 14:00:00,3871.68,3873.91,3869.08,3873.36,101
2026-02-25 15:00:00,3873.36,3883.02,3871.51,3879.21,360
2026-02-25 16:00:00,3879.21,3884.2,3874.88,3877.94,366
2026-02-25 17:00:00,3877.94,3879.03,3872.9,3873.97,104
2026-02-25 18:00:00,3873.97,3878.36,3863.83,3868.49,153
2026-02-25 19:00:00,3868.49,3870.86,3865.94,3868.57,132
2026-02-25 20:00:00,3868.57,3874.65,3863.4,3873.11,219
2026-02-25 21:00:00,3873.11,3875.93,3872.55,3874.26,95
2026-02-25 22:00:00,3874.26,3884.44,3873.01,3880.59,96
2026-02-25 23:00:00,3880.59,3884.99,3875.51,3876.39,420
2026-02-26 00:00:00,3876.39,3880.52,3870.95,3878.86,201
2026-02-26 01:00:00,3878.86,3882.51,3878.11,3880.69,466
2026-02-26 02:00:00,3880.69,3883.16,3876.18,3881.21,210
2026-02-26 03:00:00,3881.21,3884.85,3880.13,3882.22,485
2026-02-26 04:00:00,3882.22,3887.04,3878.4,3882.28,137
2026-02-26 05:00:00,3882.28,3884.42,3876.09,3881.06,368
2026-02-26 06:00:00,3881.06,3883.42,3878.1,3880.31,108
2026-02-26 07:00:00,3880.31,3889.27,3875.0,3886.77,189
2026-02-26 08:00:00,3886.77,3892.8,3884.16,3889.91,458
2026-02-26 09:00:00,3889.91,3891.24,3883.5,3884.66,421
2026-02-26 10:00:00,3884.66,3894.88,3882.08,3893.58,352
2026-02-26 11:00:00,3893.58,3899.93,3890.24,3897.02,274
2026-02-26 12:00:00,3897.02,3900.95,3896.38,3898.66,400
2026-02-26 13:00:00,3898.66,3907.11,3894.52,3902.21,116
2026-02-26 14:00:00,3902.21,3907.15,3894.91,3897.61,82
2026-02-26 15:00:00,3897.61,3899.91,3895.54,3898.1,410
2026-02-26 16:00:00,3898.1,3905.62,3893.98,3901.4,164
2026-02-26 17:00:00,3901.4,3906.79,3893.96,3897.81,223
2026-02-26 18:00:00,3897.81,3901.4,3889.09,3891.75,422
2026-02-26 19:00:00,3891.75,3893.49,3888.79,3891.02,396
2026-02-26 20:00:00,3891.02,3895.65,3884.63,3889.59,363
2026-02-26 21:00:00,3889.59,3890.36,3884.11,3887.83,130
2026-02-26 22:00:00,3887.83,3890.81,3882.0,3883.33,434
2026-02-26 23:00:00,3883.33,3886.29,3881.47,3883.17,192
2026-02-27 00:00:00,3883.17,3889.59,3880.65,3885.87,170
2026-02-27 01:00:00,3885.87,3887.64,3883.15,3886.75,343
2026-02-27 02:00:00,3886.75,3889.49,3878.19,3879.28,304
2026-02-27 03:00:00,3879.28,3886.04,3878.69,3881.81,256
2026-02-27 04:00:00,3881.81,3882.31,3876.51,3877.46,359
2026-02-27 05:00:00,3877.46,3885.45,3873.77,3880.13,310
2026-02-27 06:00:00,3880.13,3882.91,3872.54,3874.74,472
2026-02-27 07:00:00,3874.74,3875.51,3870.9,3872.51,282
2026-02-27 08:00:00,3872.51,3876.01,3865.06,3869.14,236
2026-02-27 09:00:00,3869.14,3879.17,3868.07,3875.09,438
2026-02-27 10:00:00,3875.09,3877.37,3871.28,3874.95,459
2026-02-27 11:00:00,3874.95,3876.91,3871.62,3874.73,409
2026-02-27 12:00:00,3874.73,3884.38,3870.12,3881.42,430
2026-02-27 13:00:00,3881.42,3890.81,3880.39,3886.7,362
2026-02-27 14:00:00,3886.7,3892.14,3885.12,3887.38,472
2026-02-27 15:00:00,3887.38,3893.7,3883.3,3889.29,105
2026-02-27 16:00:00,3889.29,3893.02,3885.43,3889.35,113
2026-02-27 17:00:00,3889.35,3893.71,3885.37,3888.12,387
2026-02-27 18:00:00,3888.12,3893.44,3883.59,3884.11,426
2026-02-27 19:00:00,3884.11,3884.85,3876.41,3881.59,479
2026-02-27 20:00:00,3881.59,3886.0,3868.72,3873.77,404
2026-02-27 21:00:00,3873.77,3877.16,3864.99,3869.14,115
2026-02-27 22:00:00,3869.14,3877.33,3867.03,3873.8,246
2026-02-27 23:00:00,3873.8,3879.94,3870.26,3877.35,404
2026-03-02 00:00:00,3877.35,3882.92,3872.0,3877.6,281
2026-03-02 01:00:00,3877.6,3882.12,3873.22,3874.41,358
2026-03-02 02:00:00,3874.41,3876.4,3868.35,3872.36,490
2026-03-02 03:00:00,3872.36,3874.43,3861.86,3866.04,333
2026-03-02 04:00:00,3866.04,3869.66,3862.29,3864.24,226
2026-03-02 05:00:00,3864.24,3869.35,3861.1,3862.26,413
2026-03-02 06:00:00,3862.26,3865.28,3852.37,3856.34,215
2026-03-02 07:00:00,3856.34,3860.39,3843.88,3848.18,337
2026-03-02 08:00:00,3848.18,3852.02,3840.43,3843.02,432
2026-03-02 09:00:00,3843.02,3848.63,3839.85,3843.66,499
2026-03-02 10:00:00,3843.66,3850.94,3843.03,3847.83,124
2026-03-02 11:00:00,3847.83,3848.6,3841.1,3841.88,186
2026-03-02 12:00:00,3841.88,3843.81,3840.13,3841.88,479
2026-03-02 13:00:00,3841.88,3842.69,3835.09,3839.51,154
2026-03-02 14:00:00,3839.51,3844.1,3838.5,3839.53,494
2026-03-02 15:00:00,3839.53,3843.41,3835.2,3838.51,164
2026-03-02 16:00:00,3838.51,3840.2,3833.85,3838.27,458
2026-03-02 17:00:00,3838.27,3842.25,3829.18,3833.14,74
2026-03-02 18:00:00,3833.14,3841.97,3827.76,3836.69,210
2026-03-02 19:00:00,3836.69,3842.02,3834.15,3834.92,430
2026-03-02 20:00:00,3834.92,3839.32,3830.02,3834.87,474
2026-03-02 21:00:00,3834.87,3842.07,3831.2,3840.44,413
2026-03-02 22:00:00,3840.44,3843.67,3832.9,3836.42,447
2026-03-02 23:00:00,3836.42,3840.54,3829.58,3831.05,279
2026-03-03 00:00:00,3831.05,3835.15,3829.68,3833.72,313
2026-03-03 01:00:00,3833.72,3840.26,3833.02,3839.16,192
2026-03-03 02:00:00,3839.16,3842.58,3835.4,3837.18,219
2026-03-03 03:00:00,3837.18,3840.01,3831.25,3836.44,70
2026-03-03 04:00:00,3836.44,3839.2,3831.28,3838.45,365
2026-03-03 05:00:00,3838.45,3846.07,3836.44,3841.35,454
2026-03-03 06:00:00,3841.35,3845.77,3835.88,3837.97,162
2026-03-03 07:00:00,3837.97,3843.25,3833.21,3836.31,452
2026-03-03 08:00:00,3836.31,3839.5,3831.2,3832.16,163
2026-03-03 09:00:00,3832.16,3837.08,3828.21,3832.03,219
2026-03-03 10:00:00,3832.03,3836.29,3827.08,3830.23,337
2026-03-03 11:00:00,3830.23,3837.0,3824.82,3832.38,54
2026-03-03 12:00:00,3832.38,3836.85,3828.67,3835.15,368
2026-03-03 13:00:00,3835.15,3839.3,3834.45,3837.58,214
2026-03-03 14:00:00,3837.58,3838.65,3830.56,3832.34,420
2026-03-03 15:00:00,3832.34,3839.09,3827.28,3837.18,470
2026-03-03 16:00:00,3837.18,3840.84,3834.25,3837.8,201
2026-03-03 17:00:00,3837.8,3842.79,3831.57,3833.03,313
2026-03-03 18:00:00,3833.03,3839.95,3828.66,3834.59,323
2026-03-03 19:00:00,3834.59,3836.02,3833.76,3835.48,393
2026-03-03 20:00:00,3835.48,3839.41,3828.9,3833.58,155
2026-03-03 21:00:00,3833.58,3836.77,3827.56,3831.57,429
2026-03-03 22:00:00,3831.57,3837.68,3827.34,3832.48,128
2026-03-03 23:00:00,3832.48,3833.1,3822.7,3826.78,69
2026-03-04 00:00:00,3826.78,3832.39,3823.49,3827.92,344
2026-03-04 01:00:00,3827.92,3833.23,3822.87,3828.62,258
2026-03-04 02:00:00,3828.62,3831.29,3823.74,3824.32,394
2026-03-04 03:00:00,3824.32,3829.06,3823.79,3827.97,418
2026-03-04 04:00:00,3827.97,3831.4,3819.03,3823.03,87
2026-03-04 05:00:00,3823.03,3825.32,3815.47,3818.48,198
2026-03-04 06:00:00,3818.48,3820.19,3814.15,3819.26,274
2026-03-04 07:00:00,3819.26,3821.67,3811.35,3815.96,65
2026-03-04 08:00:00,3815.96,3817.14,3808.64,3811.09,458
2026-03-04 09:00:00,3811.09,3816.64,3809.12,3811.89,374
2026-03-04 10:00:00,3811.89,3820.67,3807.41,3815.6,423
2026-03-04 11:00:00,3815.6,3824.07,3810.31,3820.33,55
2026-03-04 12:00:00,3820.33,3821.45,3814.99,3815.52,355
2026-03-04 13:00:00,3815.52,3817.99,3810.6,3813.84,93
2026-03-04 14:00:00,3813.84,3818.86,3809.38,3811.6,261
2026-03-04 15:00:00,3811.6,3822.89,3806.84,3817.86,122
2026-03-04 16:00:00,3817.86,3824.03,3816.39,3819.36,142
2026-03-04 17:00:00,3819.36,3825.6,3816.02,3821.75,77
2026-03-04 18:00:00,3821.75,3832.74,3818.94,3827.27,331
2026-03-04 19:00:00,3827.27,3828.14,3815.95,3819.81,178
2026-03-04 20:00:00,3819.81,3828.0,3817.66,3825.06,115
2026-03-04 21:00:00,3825.06,3832.64,3823.39,3828.78,195
2026-03-04 22:00:00,3828.78,3830.87,3819.75,3822.5,365
2026-03-04 23:00:00,3822.5,3826.3,3812.67,3816.64,128
2026-03-05 00:00:00,3816.64,3818.72,3810.51,3813.15,52
2026-03-05 01:00:00,3813.15,3815.22,3807.2,3811.63,414
2026-03-05 02:00:00,3811.63,3816.33,3810.19,3811.36,425
2026-03-05 03:00:00,3811.36,3813.52,3804.19,3807.09,278
2026-03-05 04:00:00,3807.09,3810.35,3803.55,3804.93,360
2026-03-05 05:00:00,3804.93,3808.49,3803.03,3807.58,473
2026-03-05 06:00:00,3807.58,3812.57,3802.65,3810.75,89
2026-03-05 07:00:00,3810.75,3818.72,3805.79,3814.58,484
2026-03-05 08:00:00,3814.58,3817.99,3811.04,3813.57,352
2026-03-05 09:00:00,3813.57,3815.13,3812.84,3813.52,183
2026-03-05 10:00:00,3813.52,3816.38,3795.07,3799.45,237
2026-03-05 11:00:00,3799.45,3801.91,3790.55,3795.51,351
2026-03-05 12:00:00,3795.51,3798.33,3792.11,3795.16,253
2026-03-05 13:00:00,3795.16,3797.48,3791.31,3791.86,172
2026-03-05 14:00:00,3791.86,3799.62,3790.53,3796.05,313
2026-03-05 15:00:00,3796.05,3797.25,3788.83,3790.13,339
2026-03-05 16:00:00,3790.13,3801.04,3785.95,3795.7,297
2026-03-05 17:00:00,3795.7,3800.9,3793.14,3793.84,439
2026-03-05 18:00:00,3793.84,3796.19,3791.69,3792.4,155
2026-03-05 19:00:00,3792.4,3795.6,3787.94,3792.51,248
2026-03-05 20:00:00,3792.51,3793.24,3782.78,3788.18,215
2026-03-05 21:00:00,3788.18,3790.03,3782.84,3789.01,374
2026-03-05 22:00:00,3789.01,3794.47,3785.79,3792.65,139
2026-03-05 23:00:00,3792.65,3795.03,3783.6,3785.99,350
2026-03-06 00:00:00,3785.99,3789.07,3779.27,3781.65,164
2026-03-06 01:00:00,3781.65,3784.73,3773.15,3775.41,494
2026-03-06 02:00:00,3775.41,3780.35,3770.89,3771.42,121
2026-03-06 03:00:00,3771.42,3779.99,3769.77,3777.29,313
2026-03-06 04:00:00,3777.29,3778.72,3773.27,3775.58,417
2026-03-06 05:00:00,3775.58,3780.16,3769.61,3773.42,262
2026-03-06 06:00:00,3773.42,3778.72,3770.53,3775.81,157
2026-03-06 07:00:00,3775.81,3779.26,3766.15,3769.89,260
2026-03-06 08:00:00,3769.89,3774.44,3768.58,3771.07,372
2026-03-06 09:00:00,3771.07,3774.3,3766.12,3771.24,125
2026-03-06 10:00:00,3771.24,3775.54,3765.95,3774.14,356
2026-03-06 11:00:00,3774.14,3780.55,3770.45,3775.2,499
2026-03-06 12:00:00,3775.2,3777.12,3773.15,3774.08,279
2026-03-06 13:00:00,3774.08,3777.61,3765.44,3768.3,296
2026-03-06 14:00:00,3768.3,3775.41,3763.83,3771.91,470
2026-03-06 15:00:00,3771.91,3782.87,3768.29,3778.53,311
2026-03-06 16:00:00,3778.53,3780.74,3775.18,3777.95,352
2026-03-06 17:00:00,3777.95,3785.18,3775.56,3784.34,117
2026-03-06 18:00:00,3784.34,3791.23,3781.32,3786.43,264
2026-03-06 19:00:00,3786.43,3792.76,3782.9,3788.13,140
2026-03-06 20:00:00,3788.13,3788.83,3778.25,3782.67,307
2026-03-06 21:00:00,3782.67,3787.76,3781.7,3783.5,387
2026-03-06 22:00:00,3783.5,3791.86,3778.52,3787.22,446
2026-03-06 23:00:00,3787.22,3795.08,3784.56,3791.19,265
2026-03-09 00:00:00,3791.19,3794.34,3788.72,3790.37,460
2026-03-09 01:00:00,3790.37,3794.15,3786.03,3791.24,229
2026-03-09 02:00:00,3791.24,3795.55,3781.68,3785.66,100
2026-03-09 03:00:00,3785.66,3788.29,3780.4,3782.17,442
2026-03-09 04:00:00,3782.17,3784.96,3777.29,3783.04,259
2026-03-09 05:00:00,3783.04,3792.7,3782.51,3790.91,430
2026-03-09 06:00:00,3790.91,3793.29,3790.37,3792.2,385
2026-03-09 07:00:00,3792.2,3793.73,3782.59,3787.11,259
2026-03-09 08:00:00,3787.11,3790.87,3783.84,3785.61,487
2026-03-09 09:00:00,3785.61,3790.56,3782.29,3787.38,363
2026-03-09 10:00:00,3787.38,3791.65,3783.84,3786.41,451
2026-03-09 11:00:00,3786.41,3795.67,3785.02,3792.38,336
2026-03-09 12:00:00,3792.38,3794.41,3787.28,3789.5,411
2026-03-09 13:00:00,3789.5,3791.99,3787.27,3788.46,492
2026-03-09 14:00:00,3788.46,3791.19,3780.88,3784.88,132
2026-03-09 15:00:00,3784.88,3785.88,3776.25,3779.29,452
2026-03-09 16:00:00,3779.29,3783.28,3772.59,3776.62,132
2026-03-09 17:00:00,3776.62,3783.37,3772.94,3780.92,461
2026-03-09 18:00:00,3780.92,3787.93,3778.24,3782.8,82
2026-03-09 19:00:00,3782.8,3785.83,3780.45,3784.01,361
2026-03-09 20:00:00,3784.01,3793.26,3780.44,3787.84,316
2026-03-09 21:00:00,3787.84,3790.7,3782.52,3788.77,79
2026-03-09 22:00:00,3788.77,3799.45,3786.08,3795.75,153
2026-03-09 23:00:00,3795.75,3800.5,3788.12,3793.27,315
2026-03-10 00:00:00,3793.27,3796.77,3789.96,3793.04,168
2026-03-10 01:00:00,3793.04,3797.64,3789.17,3794.06,234
2026-03-10 02:00:00,3794.06,3795.36,3788.58,3794.07,449
2026-03-10 03:00:00,3794.07,3796.67,3790.22,3794.17,257
2026-03-10 04:00:00,3794.17,3798.35,3789.19,3790.03,96
2026-03-10 05:00:00,3790.03,3793.28,3783.41,3787.54,336
2026-03-10 06:00:00,3787.54,3796.05,3785.66,3790.73,360
2026-03-10 07:00:00,3790.73,3796.05,3786.08,3788.85,256
2026-03-10 08:00:00,3788.85,3791.39,3785.05,3786.08,87
2026-03-10 09:00:00,3786.08,3789.1,3782.47,3784.67,109
2026-03-10 10:00:00,3784.67,3792.82,3780.1,3787.94,344
2026-03-10 11:00:00,3787.94,3789.69,3775.76,3778.47,243
2026-03-10 12:00:00,3778.47,3782.76,3766.84,3772.15,284
2026-03-10 13:00:00,3772.15,3776.06,3764.52,3769.5,491
2026-03-10 14:00:00,3769.5,3772.3,3765.83,3771.46,162
2026-03-10 15:00:00,3771.46,3775.68,3769.81,3771.8,211
2026-03-10 16:00:00,3771.8,3774.98,3764.62,3768.62,184
2026-03-10 17:00:00,3768.62,3772.31,3767.65,3770.57,394
2026-03-10 18:00:00,3770.57,3773.84,3769.15,3770.54,210
2026-03-10 19:00:00,3770.54,3772.81,3761.91,3766.88,187
2026-03-10 20:00:00,3766.88,3774.74,3765.43,3769.59,427
2026-03-10 21:00:00,3769.59,3777.13,3765.41,3775.63,496
2026-03-10 22:00:00,3775.63,3780.3,3770.67,3775.35,232
2026-03-10 23:00:00,3775.35,3779.5,3774.32,3778.22,90
2026-03-11 00:00:00,3778.22,3781.79,3771.25,3775.57,327
2026-03-11 01:00:00,3775.57,3780.86,3765.56,3770.3,240
2026-03-11 02:00:00,3770.3,3775.73,3761.94,3766.92,494
2026-03-11 03:00:00,3766.92,3768.79,3762.31,3763.72,441
2026-03-11 04:00:00,3763.72,3768.13,3760.34,3766.52,77
2026-03-11 05:00:00,3766.52,3769.65,3762.27,3764.89,326
2026-03-11 06:00:00,3764.89,3773.31,3760.51,3768.51,284
2026-03-11 07:00:00,3768.51,3774.64,3764.52,3769.26,285
2026-03-11 08:00:00,3769.26,3773.13,3766.65,3769.05,101
2026-03-11 09:00:00,3769.05,3771.66,3765.49,3769.53,182
2026-03-11 10:00:00,3769.53,3772.58,3764.24,3770.73,225
2026-03-11 11:00:00,3770.73,3775.94,3767.74,3773.61,157
2026-03-11 12:00:00,3773.61,3775.94,3765.27,3767.77,280
2026-03-11 13:00:00,3767.77,3772.42,3766.61,3771.02,344
2026-03-11 14:00:00,3771.02,3775.12,3763.63,3768.15,334
2026-03-11 15:00:00,3768.15,3770.81,3759.0,3761.4,124
2026-03-11 16:00:00,3761.4,3766.29,3760.85,3763.43,265
2026-03-11 17:00:00,3763.43,3766.43,3751.72,3757.2,484
2026-03-11 18:00:00,3757.2,3759.28,3750.9,3753.83,178
2026-03-11 19:00:00,3753.83,3757.14,3746.87,3750.21,253
2026-03-11 20:00:00,3750.21,3753.73,3748.44,3752.15,479
2026-03-11 21:00:00,3752.15,3757.19,3749.4,3753.54,221
2026-03-11 22:00:00,3753.54,3756.83,3748.76,3753.31,226
2026-03-11 23:00:00,3753.31,3757.68,3752.2,3757.08,494
2026-03-12 00:00:00,3757.08,3760.46,3750.99,3754.74,325
2026-03-12 01:00:00,3754.74,3756.11,3745.41,3749.81,231
2026-03-12 02:00:00,3749.81,3754.18,3744.91,3747.64,90
2026-03-12 03:00:00,3747.64,3754.31,3745.71,3751.9,373
2026-03-12 04:00:00,3751.9,3763.36,3746.76,3759.66,265
2026-03-12 05:00:00,3759.66,3763.32,3754.13,3757.49,484
2026-03-12 06:00:00,3757.49,3761.06,3755.42,3758.84,384
2026-03-12 07:00:00,3758.84,3760.8,3756.1,3757.94,380
2026-03-12 08:00:00,3757.94,3762.34,3746.13,3751.32,432
2026-03-12 09:00:00,3751.32,3759.86,3745.99,3756.43,261
2026-03-12 10:00:00,3756.43,3761.46,3754.76,3760.33,178
2026-03-12 11:00:00,3760.33,3772.34,3756.33,3767.14,90
2026-03-12 12:00:00,3767.14,3769.11,3761.96,3768.13,292
2026-03-12 13:00:00,3768.13,3775.27,3767.5,3772.03,253
2026-03-12 14:00:00,3772.03,3773.05,3755.29,3758.88,93
2026-03-12 15:00:00,3758.88,3762.65,3751.95,3756.88,208
2026-03-12 16:00:00,3756.88,3760.45,3755.75,3757.73,319
2026-03-12 17:00:00,3757.73,3768.91,3757.09,3764.22,389
2026-03-12 18:00:00,3764.22,3769.04,3755.85,3758.69,495
2026-03-12 19:00:00,3758.69,3768.85,3756.83,3765.65,277
2026-03-12 20:00:00,3765.65,3775.29,3762.2,3772.09,283
2026-03-12 21:00:00,3772.09,3783.06,3768.41,3779.4,338
2026-03-12 22:00:00,3779.4,3782.57,3769.11,3774.15,296
2026-03-12 23:00:00,3774.15,3779.62,3769.63,3776.42,276
2026-03-13 00:00:00,3776.42,3777.7,3774.4,3774.95,317
2026-03-13 01:00:00,3774.95,3783.38,3770.21,3778.8,226
2026-03-13 02:00:00,3778.8,3782.74,3774.71,3777.67,436
2026-03-13 03:00:00,3777.67,3785.38,3777.12,3782.49,270
2026-03-13 04:00:00,3782.49,3788.57,3779.25,3784.09,146
2026-03-13 05:00:00,3784.09,3786.65,3775.64,3778.94,252
2026-03-13 06:00:00,3778.94,3782.67,3774.3,3778.94,162
2026-03-13 07:00:00,3778.94,3787.09,3776.33,3785.28,172
2026-03-13 08:00:00,3785.28,3788.85,3774.17,3778.14,189
2026-03-13 09:00:00,3778.14,3780.06,3773.18,3777.39,464
2026-03-13 10:00:00,3777.39,3778.23,3775.91,3777.09,106
2026-03-13 11:00:00,3777.09,3783.33,3773.5,3779.65,189
2026-03-13 12:00:00,3779.65,3781.75,3776.96,3778.22,323
2026-03-13 13:00:00,3778.22,3778.83,3768.43,3773.79,194
2026-03-13 14:00:00,3773.79,3777.93,3771.37,3773.03,127
2026-03-13 15:00:00,3773.03,3779.89,3771.44,3779.32,265
2026-03-13 16:00:00,3779.32,3784.81,3773.79,3776.61,455
2026-03-13 17:00:00,3776.61,3783.91,3775.71,3783.25,434
2026-03-13 18:00:00,3783.25,3788.93,3782.39,3784.55,290
2026-03-13 19:00:00,3784.55,3785.96,3779.16,3784.14,178
2026-03-13 20:00:00,3784.14,3788.33,3779.8,3787.22,177
2026-03-13 21:00:00,3787.22,3789.64,3775.0,3780.37,176
2026-03-13 22:00:00,3780.37,3783.17,3775.94,3780.29,316
2026-03-13 23:00:00,3780.29,3784.12,3777.71,3779.25,249
2026-03-16 00:00:00,3779.25,3781.37,3774.16,3777.81,71
2026-03-16 01:00:00,3777.81,3782.03,3771.42,3774.67,112
2026-03-16 02:00:00,3774.67,3776.16,3769.61,3774.55,492
2026-03-16 03:00:00,3774.55,3784.09,3769.18,3780.26,170
2026-03-16 04:00:00,3780.26,3781.6,3776.0,3777.88,111
2026-03-16 05:00:00,3777.88,3780.36,3773.53,3775.25,71
2026-03-16 06:00:00,3775.25,3779.19,3768.63,3769.9,444
2026-03-16 07:00:00,3769.9,3770.85,3765.62,3766.91,96
2026-03-16 08:00:00,3766.91,3772.26,3761.19,3765.49,80
2026-03-16 09:00:00,3765.49,3766.29,3758.42,3762.14,409
2026-03-16 10:00:00,3762.14,3765.08,3758.2,3760.28,335
2026-03-16 11:00:00,3760.28,3764.72,3755.57,3759.85,462
2026-03-16 12:00:00,3759.85,3765.52,3757.46,3764.91,420
2026-03-16 13:00:00,3764.91,3766.08,3755.83,3760.82,298
2026-03-16 14:00:00,3760.82,3764.03,3756.49,3759.44,340
2026-03-16 15:00:00,3759.44,3760.87,3752.27,3754.51,424
2026-03-16 16:00:00,3754.51,3758.0,3741.82,3746.62,132
2026-03-16 17:00:00,3746.62,3749.05,3745.34,3748.21,201
2026-03-16 18:00:00,3748.21,3753.09,3743.83,3750.32,309
2026-03-16 19:00:00,3750.32,3752.72,3744.36,3745.79,59
2026-03-16 20:00:00,3745.79,3749.39,3740.91,3743.01,82
2026-03-16 21:00:00,3743.01,3746.8,3737.22,3740.41,248
2026-03-16 22:00:00,3740.41,3746.98,3739.14,3742.65,194
2026-03-16 23:00:00,3742.65,3750.4,3738.95,3748.29,106
2026-03-17 00:00:00,3748.29,3753.84,3743.1,3753.12,141
2026-03-17 01:00:00,3753.12,3761.33,3751.61,3756.46,298
2026-03-17 02:00:00,3756.46,3760.53,3754.02,3756.82,300
2026-03-17 03:00:00,3756.82,3760.9,3752.81,3757.77,181
2026-03-17 04:00:00,3757.77,3764.55,3757.2,3760.46,156
2026-03-17 05:00:00,3760.46,3765.1,3755.32,3761.32,476
2026-03-17 06:00:00,3761.32,3768.42,3758.03,3767.62,262
2026-03-17 07:00:00,3767.62,3775.69,3763.15,3771.08,79
2026-03-17 08:00:00,3771.08,3773.18,3770.23,3772.48,205
2026-03-17 09:00:00,3772.48,3773.37,3768.09,3769.67,315
2026-03-17 10:00:00,3769.67,3778.1,3768.22,3774.94,319
2026-03-17 11:00:00,3774.94,3782.4,3771.59,3778.62,141
2026-03-17 12:00:00,3778.62,3782.85,3769.52,3773.85,345
2026-03-17 13:00:00,3773.85,3776.14,3769.23,3772.02,390
2026-03-17 14:00:00,3772.02,3776.48,3767.09,3770.34,308
2026-03-17 15:00:00,3770.34,3773.36,3769.05,3771.17,357
2026-03-17 16:00:00,3771.17,3773.25,3762.22,3767.68,216
2026-03-17 17:00:00,3767.68,3773.71,3765.12,3768.99,374
2026-03-17 18:00:00,3768.99,3772.53,3759.84,3763.16,159
2026-03-17 19:00:00,3763.16,3768.26,3759.91,3765.88,431
2026-03-17 20:00:00,3765.88,3768.62,3763.13,3765.62,421
2026-03-17 21:00:00,3765.62,3776.5,3763.7,3775.83,58
2026-03-17 22:00:00,3775.83,3777.84,3761.23,3763.23,163
2026-03-17 23:00:00,3763.23,3764.8,3759.76,3761.83,445
2026-03-18 00:00:00,3761.83,3766.38,3758.56,3764.5,334
2026-03-18 01:00:00,3764.5,3767.85,3755.64,3759.0,98
2026-03-18 02:00:00,3759.0,3763.84,3756.66,3762.65,348
2026-03-18 03:00:00,3762.65,3765.28,3760.87,3763.53,203
2026-03-18 04:00:00,3763.53,3772.01,3759.36,3766.92,420
2026-03-18 05:00:00,3766.92,3771.25,3764.01,3769.13,299
2026-03-18 06:00:00,3769.13,3775.31,3764.09,3771.93,354
2026-03-18 07:00:00,3771.93,3775.64,3765.8,3766.49,463
2026-03-18 08:00:00,3766.49,3767.27,3760.71,3765.06,228
2026-03-18 09:00:00,3765.06,3769.96,3761.64,3764.31,494
2026-03-18 10:00:00,3764.31,3773.54,3759.56,3769.3,55
2026-03-18 11:00:00,3769.3,3777.68,3765.64,3774.01,77
2026-03-18 12:00:00,3774.01,3777.21,3772.37,3773.62,307
2026-03-18 13:00:00,3773.62,3778.7,3772.35,3774.71,394
2026-03-18 14:00:00,3774.71,3777.44,3770.77,3774.25,308
2026-03-18 15:00:00,3774.25,3775.2,3767.62,3770.28,452
2026-03-18 16:00:00,3770.28,3771.19,3765.24,3768.6,75
2026-03-18 17:00:00,3768.6,3773.15,3766.79,3769.91,254
2026-03-18 18:00:00,3769.91,3771.06,3761.84,3763.01,336
2026-03-18 19:00:00,3763.01,3764.5,3760.45,3762.93,342
2026-03-18 20:00:00,3762.93,3768.95,3761.2,3764.77,86
2026-03-18 21:00:00,3764.77,3771.82,3762.12,3769.99,400
2026-03-18 22:00:00,3769.99,3775.39,3767.37,3771.53,228
2026-03-18 23:00:00,3771.53,3772.98,3768.51,3770.73,385
2026-03-19 00:00:00,3770.73,3779.54,3767.15,3774.1,461
2026-03-19 01:00:00,3774.1,3777.33,3772.87,3774.62,72
2026-03-19 02:00:00,3774.62,3781.14,3773.34,3777.21,422
2026-03-19 03:00:00,3777.21,3781.97,3774.81,3775.87,77
2026-03-19 04:00:00,3775.87,3777.35,3771.21,3776.11,197
2026-03-19 05:00:00,3776.11,3782.25,3772.14,3781.68,106
2026-03-19 06:00:00,3781.68,3783.84,3775.95,3780.15,158
2026-03-19 07:00:00,3780.15,3785.92,3777.03,3784.4,182
2026-03-19 08:00:00,3784.4,3789.86,3775.09,3779.07,392
2026-03-19 09:00:00,3779.07,3779.66,3773.96,3777.38,389
2026-03-19 10:00:00,3777.38,3778.18,3772.85,3774.35,406
2026-03-19 11:00:00,3774.35,3777.94,3773.07,3773.84,385
2026-03-19 12:00:00,3773.84,3779.04,3770.03,3775.24,387
2026-03-19 13:00:00,3775.24,3777.54,3773.7,3774.74,199
2026-03-19 14:00:00,3774.74,3780.3,3772.34,3778.64,413
2026-03-19 15:00:00,3778.64,3779.64,3772.27,3774.35,493
2026-03-19 16:00:00,3774.35,3775.84,3767.61,3772.94,337
2026-03-19 17:00:00,3772.94,3778.07,3771.35,3771.96,176
2026-03-19 18:00:00,3771.96,3777.92,3767.74,3774.97,59
2026-03-19 19:00:00,3774.97,3777.2,3771.11,3773.37,370
2026-03-19 20:00:00,3773.37,3778.76,3767.2,3769.08,81
2026-03-19 21:00:00,3769.08,3785.29,3764.19,3781.66,467
2026-03-19 22:00:00,3781.66,3796.5,3780.03,3791.25,224
2026-03-19 23:00:00,3791.25,3796.24,3786.89,3790.67,94
2026-03-20 00:00:00,3790.67,3794.56,3785.2,3790.06,401
2026-03-20 01:00:00,3790.06,3791.7,3783.55,3785.25,128
2026-03-20 02:00:00,3785.25,3788.78,3779.4,3782.15,117
2026-03-20 03:00:00,3782.15,3785.22,3780.96,3783.69,327
2026-03-20 04:00:00,3783.69,3784.88,3778.67,3782.61,318
2026-03-20 05:00:00,3782.61,3787.66,3777.5,3780.15,444
2026-03-20 06:00:00,3780.15,3790.93,3778.06,3785.84,335
2026-03-20 07:00:00,3785.84,3796.35,3781.74,3793.19,144
2026-03-20 08:00:00,3793.19,3797.33,3785.47,3789.8,500
2026-03-20 09:00:00,3789.8,3802.66,3784.49,3797.3,205
2026-03-20 10:00:00,3797.3,3802.27,3783.4,3788.57,190
2026-03-20 11:00:00,3788.57,3793.1,3787.13,3791.84,117
2026-03-20 12:00:00,3791.84,3798.1,3790.01,3794.54,340
2026-03-20 13:00:00,3794.54,3804.32,3791.06,3800.76,168
2026-03-20 14:00:00,3800.76,3804.7,3796.43,3799.31,307
2026-03-20 15:00:00,3799.31,3804.04,3792.98,3795.82,382
2026-03-20 16:00:00,3795.82,3798.78,3789.14,3790.33,148
2026-03-20 17:00:00,3790.33,3797.53,3787.79,3795.9,57
2026-03-20 18:00:00,3795.9,3806.25,3792.04,3804.64,153
2026-03-20 19:00:00,3804.64,3808.93,3799.39,3800.22,274
2026-03-20 20:00:00,3800.22,3805.46,3797.43,3803.34,176
2026-03-20 21:00:00,3803.34,3805.98,3795.52,3799.9,361
2026-03-20 22:00:00,3799.9,3801.96,3795.98,3799.54,430
2026-03-20 23:00:00,3799.54,3802.9,3792.46,3795.64,378
2026-03-23 00:00:00,3795.64,3803.74,3792.88,3800.64,473
2026-03-23 01:00:00,3800.64,3805.53,3790.8,3795.69,175
2026-03-23 02:00:00,3795.69,3799.87,3788.41,3791.7,314
2026-03-23 03:00:00,3791.7,3796.03,3785.92,3791.23,147
2026-03-23 04:00:00,3791.23,3793.25,3785.56,3790.2,286
2026-03-23 05:00:00,3790.2,3795.43,3788.23,3794.1,77
2026-03-23 06:00:00,3794.1,3796.92,3787.18,3790.91,96
2026-03-23 07:00:00,3790.91,3795.02,3781.8,3782.87,448
2026-03-23 08:00:00,3782.87,3786.1,3773.11,3775.58,215
2026-03-23 09:00:00,3775.58,3778.33,3769.85,3771.24,352
2026-03-23 10:00:00,3771.24,3782.92,3770.29,3778.01,215
2026-03-23 11:00:00,3778.01,3781.97,3767.82,3772.86,457
2026-03-23 12:00:00,3772.86,3777.17,3768.83,3776.21,374
2026-03-23 13:00:00,3776.21,3784.1,3773.09,3781.79,246
2026-03-23 14:00:00,3781.79,3785.35,3778.92,3780.22,331
2026-03-23 15:00:00,3780.22,3782.62,3765.12,3769.46,221
2026-03-23 16:00:00,3769.46,3770.71,3759.24,3764.08,141
2026-03-23 17:00:00,3764.08,3768.43,3760.97,3761.73,207
2026-03-23 18:00:00,3761.73,3764.46,3755.6,3759.23,110
2026-03-23 19:00:00,3759.23,3770.59,3753.93,3765.6,51
2026-03-23 20:00:00,3765.6,3768.39,3758.63,3763.41,328
2026-03-23 21:00:00,3763.41,3767.95,3757.74,3761.28,302
2026-03-23 22:00:00,3761.28,3764.57,3758.73,3761.69,90
2026-03-23 23:00:00,3761.69,3770.52,3761.16,3767.01,330
2026-03-24 00:00:00,3767.01,3771.61,3764.48,3766.02,144
2026-03-24 01:00:00,3766.02,3772.8,3762.25,3771.56,68
2026-03-24 02:00:00,3771.56,3775.58,3768.04,3772.19,219
2026-03-24 03:00:00,3772.19,3778.1,3771.44,3773.0,263
2026-03-24 04:00:00,3773.0,3777.29,3769.2,3775.37,408
2026-03-24 05:00:00,3775.37,3778.84,3770.84,3775.28,140
2026-03-24 06:00:00,3775.28,3784.09,3774.6,3781.79,443
2026-03-24 07:00:00,3781.79,3783.79,3778.05,3780.39,244
2026-03-24 08:00:00,3780.39,3787.99,3779.57,3783.27,291
2026-03-24 09:00:00,3783.27,3784.44,3773.2,3777.17,190
2026-03-24 10:00:00,3777.17,3778.72,3773.65,3775.2,79
2026-03-24 11:00:00,3775.2,3779.88,3771.05,3778.83,372
2026-03-24 12:00:00,3778.83,3782.95,3773.62,3777.14,453
2026-03-24 13:00:00,3777.14,3782.57,3774.89,3776.83,361
2026-03-24 14:00:00,3776.83,3782.0,3773.21,3778.62,116
2026-03-24 15:00:00,3778.62,3782.19,3773.11,3776.09,423
2026-03-24 16:00:00,3776.09,3777.49,3769.39,3772.94,412
2026-03-24 17:00:00,3772.94,3774.89,3768.04,3769.51,110
2026-03-24 18:00:00,3769.51,3776.14,3764.77,3775.05,459
2026-03-24 19:00:00,3775.05,3779.47,3772.48,3775.89,73
2026-03-24 20:00:00,3775.89,3779.58,3772.75,3773.31,153
2026-03-24 21:00:00,3773.31,3781.69,3771.54,3777.74,84
2026-03-24 22:00:00,3777.74,3779.86,3775.52,3776.05,401
2026-03-24 23:00:00,3776.05,3782.67,3773.57,3780.5,341
2026-03-25 00:00:00,3780.5,3781.88,3777.62,3779.77,223
2026-03-25 01:00:00,3779.77,3784.88,3776.22,3779.12,292
2026-03-25 02:00:00,3779.12,3783.72,3775.48,3780.81,492
2026-03-25 03:00:00,3780.81,3783.99,3773.12,3775.3,451
2026-03-25 04:00:00,3775.3,3779.68,3772.19,3778.9,339
2026-03-25 05:00:00,3778.9,3783.02,3768.38,3770.46,324
2026-03-25 06:00:00,3770.46,3777.83,3765.38,3775.67,457
2026-03-25 07:00:00,3775.67,3778.56,3770.32,3776.29,193
2026-03-25 08:00:00,3776.29,3780.64,3773.12,3778.26,134
2026-03-25 09:00:00,3778.26,3781.61,3772.75,3775.2,354
2026-03-25 10:00:00,3775.2,3782.43,3770.41,3780.39,413
2026-03-25 11:00:00,3780.39,3785.73,3777.82,3785.07,304
2026-03-25 12:00:00,3785.07,3792.48,3783.06,3787.83,318
2026-03-25 13:00:00,3787.83,3789.84,3784.08,3785.14,451
2026-03-25 14:00:00,3785.14,3788.71,3782.11,3787.75,459
2026-03-25 15:00:00,3787.75,3791.29,3784.75,3788.38,147
2026-03-25 16:00:00,3788.38,3793.25,3783.86,3785.91,217
2026-03-25 17:00:00,3785.91,3791.01,3781.05,3789.79,470
2026-03-25 18:00:00,3789.79,3800.04,3788.26,3794.58,68
2026-03-25 19:00:00,3794.58,3797.38,3789.97,3794.04,317
2026-03-25 20:00:00,3794.04,3797.34,3789.3,3796.62,496
2026-03-25 21:00:00,3796.62,3799.86,3793.79,3798.92,73
2026-03-25 22:00:00,3798.92,3808.59,3798.31,3804.36,438
2026-03-25 23:00:00,3804.36,3810.54,3799.4,3808.48,214
2026-03-26 00:00:00,3808.48,3812.64,3804.12,3809.48,393
2026-03-26 01:00:00,3809.48,3813.7,3808.23,3812.61,190
2026-03-26 02:00:00,3812.61,3823.5,3811.6,3820.2,327
2026-03-26 03:00:00,3820.2,3829.09,3818.11,3826.84,122
2026-03-26 04:00:00,3826.84,3836.98,3825.48,3833.61,209
2026-03-26 05:00:00,3833.61,3837.18,3828.9,3831.09,277
2026-03-26 06:00:00,3831.09,3837.03,3830.34,3832.01,246
2026-03-26 07:00:00,3832.01,3833.08,3829.38,3832.31,141
2026-03-26 08:00:00,3832.31,3835.96,3825.99,3829.94,278
2026-03-26 09:00:00,3829.94,3833.52,3819.79,3821.85,468
2026-03-26 10:00:00,3821.85,3828.56,3820.96,3824.01,436
2026-03-26 11:00:00,3824.01,3834.72,3820.67,3830.4,97
2026-03-26 12:00:00,3830.4,3836.7,3827.62,3833.86,400
2026-03-26 13:00:00,3833.86,3837.58,3821.24,3825.57,290
2026-03-26 14:00:00,3825.57,3830.71,3821.99,3825.9,236
2026-03-26 15:00:00,3825.9,3831.19,3821.9,3828.73,390
2026-03-26 16:00:00,3828.73,3830.85,3821.95,3824.89,83
2026-03-26 17:00:00,3824.89,3834.72,3822.63,3831.84,286
2026-03-26 18:00:00,3831.84,3835.92,3828.47,3833.68,310
2026-03-26 19:00:00,3833.68,3834.69,3826.4,3830.99,457
2026-03-26 20:00:00,3830.99,3835.83,3828.98,3834.98,286
2026-03-26 21:00:00,3834.98,3840.65,3832.41,3838.15,367
2026-03-26 22:00:00,3838.15,3841.15,3837.32,3838.24,156
2026-03-26 23:00:00,3838.24,3845.16,3834.79,3840.59,451
2026-03-27 00:00:00,3840.59,3847.94,3836.62,3845.73,138
2026-03-27 01:00:00,3845.73,3849.54,3844.2,3845.09,414
2026-03-27 02:00:00,3845.09,3848.55,3838.15,3840.96,334
2026-03-27 03:00:00,3840.96,3841.95,3836.15,3838.88,207
2026-03-27 04:00:00,3838.88,3841.38,3834.31,3840.34,444
2026-03-27 05:00:00,3840.34,3844.94,3837.78,3839.92,380
2026-03-27 06:00:00,3839.92,3844.51,3834.05,3838.99,436
2026-03-27 07:00:00,3838.99,3842.67,3837.02,3837.52,125
2026-03-27 08:00:00,3837.52,3839.48,3831.61,3835.19,278
2026-03-27 09:00:00,3835.19,3836.67,3827.56,3831.47,212
2026-03-27 10:00:00,3831.47,3835.37,3824.19,3829.28,272
2026-03-27 11:00:00,3829.28,3840.14,3824.2,3836.05,95
2026-03-27 12:00:00,3836.05,3839.1,3826.54,3831.28,486
2026-03-27 13:00:00,3831.28,3833.25,3826.2,3828.55,331
2026-03-27 14:00:00,3828.55,3832.01,3823.16,3828.71,106
2026-03-27 15:00:00,3828.71,3833.52,3823.85,3828.68,170
2026-03-27 16:00:00,3828.68,3832.31,3819.76,3823.82,257
2026-03-27 17:00:00,3823.82,3828.45,3820.59,3826.04,389
2026-03-27 18:00:00,3826.04,3830.33,3821.32,3827.05,234
2026-03-27 19:00:00,3827.05,3833.69,3825.78,3828.99,496
2026-03-27 20:00:00,3828.99,3829.85,3827.38,3827.96,419
2026-03-27 21:00:00,3827.96,3832.88,3822.29,3826.08,119
2026-03-27 22:00:00,3826.08,3833.6,3823.3,3831.02,453
2026-03-27 23:00:00,3831.02,3837.91,3825.87,3833.93,369
2026-03-30 00:00:00,3833.93,3839.23,3831.18,3835.97,231
2026-03-30 01:00:00,3835.97,3841.92,3833.35,3840.29,53
2026-03-30 02:00:00,3840.29,3841.97,3830.44,3833.45,260
2026-03-30 03:00:00,3833.45,3838.58,3826.43,3829.81,67
2026-03-30 04:00:00,3829.81,3838.97,3828.74,3834.95,296
2026-03-30 05:00:00,3834.95,3840.26,3833.34,3834.24,423
2026-03-30 06:00:00,3834.24,3839.66,3828.51,3832.9,288
2026-03-30 07:00:00,3832.9,3835.98,3818.39,3821.51,362
2026-03-30 08:00:00,3821.51,3829.56,3816.21,3825.35,89
2026-03-30 09:00:00,3825.35,3831.66,3822.15,3827.74,346
2026-03-30 10:00:00,3827.74,3829.96,3822.85,3827.24,290
2026-03-30 11:00:00,3827.24,3831.23,3822.21,3828.46,343
2026-03-30 12:00:00,3828.46,3833.76,3823.55,3828.04,198
2026-03-30 13:00:00,3828.04,3829.38,3819.9,3823.88,355
2026-03-30 14:00:00,3823.88,3827.2,3823.05,3823.86,292
2026-03-30 15:00:00,3823.86,3827.25,3814.05,3817.41,386
2026-03-30 16:00:00,3817.41,3828.29,3815.48,3824.67,92
2026-03-30 17:00:00,3824.67,3825.8,3823.35,3824.23,451
2026-03-30 18:00:00,3824.23,3826.13,3819.07,3823.86,57
2026-03-30 19:00:00,3823.86,3830.17,3820.34,3825.96,352
2026-03-30 20:00:00,3825.96,3828.31,3824.17,3825.55,450
2026-03-30 21:00:00,3825.55,3829.55,3816.78,3819.7,459
2026-03-30 22:00:00,3819.7,3825.12,3813.34,3818.68,354
2026-03-30 23:00:00,3818.68,3823.85,3817.23,3818.5,303
2026-03-31 00:00:00,3818.5,3820.99,3814.7,3818.57,421
2026-03-31 01:00:00,3818.57,3822.26,3812.89,3814.44,425
2026-03-31 02:00:00,3814.44,3816.99,3809.84,3815.17,76
2026-03-31 03:00:00,3815.17,3816.51,3811.56,3814.05,204
2026-03-31 04:00:00,3814.05,3819.16,3802.75,3804.42,399
2026-03-31 05:00:00,3804.42,3809.9,3801.55,3805.87,124
2026-03-31 06:00:00,3805.87,3807.81,3797.19,3801.68,245
2026-03-31 07:00:00,3801.68,3805.57,3795.56,3800.87,399
2026-03-31 08:00:00,3800.87,3805.77,3798.6,3802.61,482
2026-03-31 09:00:00,3802.61,3805.27,3797.02,3802.11,489
2026-03-31 10:00:00,3802.11,3806.62,3799.88,3801.66,349
2026-03-31 11:00:00,3801.66,3807.26,3797.29,3804.8,433
2026-03-31 12:00:00,3804.8,3809.46,3801.7,3805.11,396
2026-03-31 13:00:00,3805.11,3815.02,3803.71,3811.07,330
2026-03-31 14:00:00,3811.07,3812.43,3808.51,3811.59,318
2026-03-31 15:00:00,3811.59,3812.64,3808.86,3811.62,162
2026-03-31 16:00:00,3811.62,3812.29,3807.55,3811.15,79
2026-03-31 17:00:00,3811.15,3816.34,3804.36,3808.14,477
2026-03-31 18:00:00,3808.14,3810.37,3802.85,3809.26,94
2026-03-31 19:00:00,3809.26,3819.33,3808.11,3814.55,386
2026-03-31 20:00:00,3814.55,3819.57,3813.13,3815.05,106
2026-03-31 21:00:00,3815.05,3819.03,3807.52,3809.29,289
2026-03-31 22:00:00,3809.29,3812.06,3802.96,3808.44,443
2026-03-31 23:00:00,3808.44,3811.07,3802.08,3807.1,444
2026-04-01 00:00:00,3807.1,3811.89,3805.21,3807.49,81
2026-04-01 01:00:00,3807.49,3809.9,3802.27,3804.43,80
2026-04-01 02:00:00,3804.43,3805.82,3803.2,3804.05,152
2026-04-01 03:00:00,3804.05,3814.91,3802.66,3811.36,301
2026-04-01 04:00:00,3811.36,3817.9,3807.79,3815.24,104
2026-04-01 05:00:00,3815.24,3823.44,3811.16,3818.38,102
2026-04-01 06:00:00,3818.38,3824.01,3813.99,3819.87,59
2026-04-01 07:00:00,3819.87,3825.18,3818.63,3820.2,377
2026-04-01 08:00:00,3820.2,3823.76,3818.94,3821.31,218
2026-04-01 09:00:00,3821.31,3826.34,3817.94,3821.32,313
2026-04-01 10:00:00,3821.32,3824.21,3816.99,3819.51,422
2026-04-01 11:00:00,3819.51,3823.91,3808.45,3812.88,326
2026-04-01 12:00:00,3812.88,3817.43,3808.48,3813.48,112
2026-04-01 13:00:00,3813.48,3820.72,3808.3,3817.38,233
2026-04-01 14:00:00,3817.38,3818.16,3810.19,3815.68,381
2026-04-01 15:00:00,3815.68,3819.57,3812.51,3818.62,224
2026-04-01 16:00:00,3818.62,3826.83,3814.88,3822.5,140
2026-04-01 17:00:00,3822.5,3827.92,3817.16,3824.65,388
2026-04-01 18:00:00,3824.65,3831.87,3821.0,3826.89,233
2026-04-01 19:00:00,3826.89,3835.57,3821.96,3832.64,274
2026-04-01 20:00:00,3832.64,3834.11,3828.34,3832.44,353
2026-04-01 21:00:00,3832.44,3834.13,3827.81,3830.25,455
2026-04-01 22:00:00,3830.25,3833.42,3822.26,3826.93,280
2026-04-01 23:00:00,3826.93,3832.26,3825.49,3826.07,223
2026-04-02 00:00:00,3826.07,3833.39,3824.98,3832.68,463
2026-04-02 01:00:00,3832.68,3838.88,3829.56,3835.11,397
2026-04-02 02:00:00,3835.11,3842.72,3833.45,3838.51,86
2026-04-02 03:00:00,3838.51,3839.19,3833.69,3834.9,384
2026-04-02 04:00:00,3834.9,3847.15,3833.19,3843.56,382
2026-04-02 05:00:00,3843.56,3845.75,3842.2,3844.6,75
2026-04-02 06:00:00,3844.6,3851.72,3841.04,3850.73,477
2026-04-02 07:00:00,3850.73,3854.19,3841.96,3846.55,104
2026-04-02 08:00:00,3846.55,3854.18,3845.73,3850.6,153
2026-04-02 09:00:00,3850.6,3856.77,3846.04,3854.14,427
2026-04-02 10:00:00,3854.14,3859.52,3849.22,3852.6,120
2026-04-02 11:00:00,3852.6,3854.71,3844.09,3849.41,159
2026-04-02 12:00:00,3849.41,3852.07,3848.31,3849.89,122
2026-04-02 13:00:00,3849.89,3854.18,3843.21,3844.55,239
2026-04-02 14:00:00,3844.55,3849.68,3839.79,3840.49,101
2026-04-02 15:00:00,3840.49,3844.95,3835.41,3839.07,242
2026-04-02 16:00:00,3839.07,3842.12,3838.54,3839.19,141
2026-04-02 17:00:00,3839.19,3844.32,3834.46,3838.49,353
2026-04-02 18:00:00,3838.49,3846.18,3834.13,3841.64,404
2026-04-02 19:00:00,3841.64,3842.77,3837.71,3838.93,188
2026-04-02 20:00:00,3838.93,3844.12,3831.3,3834.85,69
2026-04-02 21:00:00,3834.85,3838.33,3830.16,3834.25,363
2026-04-02 22:00:00,3834.25,3844.01,3832.01,3839.6,52
2026-04-02 23:00:00,3839.6,3842.89,3836.41,3837.87,321
2026-04-03 00:00:00,3837.87,3848.18,3832.44,3843.37,309
2026-04-03 01:00:00,3843.37,3844.97,3838.21,3842.56,387
2026-04-03 02:00:00,3842.56,3843.96,3841.31,3842.9,482
2026-04-03 03:00:00,3842.9,3849.52,3840.03,3844.18,140
2026-04-03 04:00:00,3844.18,3849.81,3841.86,3849.04,157
2026-04-03 05:00:00,3849.04,3859.34,3846.87,3856.67,462
2026-04-03 06:00:00,3856.67,3861.08,3855.91,3860.06,325
2026-04-03 07:00:00,3860.06,3861.44,3852.83,3857.26,298
2026-04-03 08:00:00,3857.26,3858.94,3853.01,3855.73,346
2026-04-03 09:00:00,3855.73,3857.86,3854.1,3855.59,396
2026-04-03 10:00:00,3855.59,3858.96,3853.95,3857.91,171
2026-04-03 11:00:00,3857.91,3862.1,3851.34,3856.19,242
2026-04-03 12:00:00,3856.19,3860.83,3855.42,3857.4,273
2026-04-03 13:00:00,3857.4,3858.62,3851.27,3856.41,282
2026-04-03 14:00:00,3856.41,3860.89,3854.94,3858.1,233
2026-04-03 15:00:00,3858.1,3866.96,3856.59,3861.58,115
2026-04-03 16:00:00,3861.58,3868.56,3860.52,3866.66,288
2026-04-03 17:00:00,3866.66,3870.49,3865.3,3867.7,225
2026-04-03 18:00:00,3867.7,3869.61,3863.23,3868.33,363
2026-04-03 19:00:00,3868.33,3876.65,3864.94,3871.62,333
2026-04-03 20:00:00,3871.62,3877.44,3868.67,3872.66,160
2026-04-03 21:00:00,3872.66,3876.12,3866.64,3871.32,192
2026-04-03 22:00:00,3871.32,3880.39,3869.58,3875.53,272
2026-04-03 23:00:00,3875.53,3879.31,3870.57,3875.91,352
2026-04-06 00:00:00,3875.91,3889.26,3873.32,3884.27,72
2026-04-06 01:00:00,3884.27,3884.97,3878.49,3881.34,443
2026-04-06 02:00:00,3881.34,3883.81,3872.58,3877.13,406
2026-04-06 03:00:00,3877.13,3881.74,3874.26,3877.02,173
2026-04-06 04:00:00,3877.02,3886.79,3874.49,3882.82,161
2026-04-06 05:00:00,3882.82,3887.32,3880.84,3886.16,381
2026-04-06 06:00:00,3886.16,3890.73,3884.85,3886.88,285
2026-04-06 07:00:00,3886.88,3891.67,3882.64,3886.88,62
2026-04-06 08:00:00,3886.88,3892.49,3882.86,3891.3,144
2026-04-06 09:00:00,3891.3,3895.75,3888.29,3890.64,287
2026-04-06 10:00:00,3890.64,3894.28,3888.16,3890.58,403
2026-04-06 11:00:00,3890.58,3892.74,3889.72,3890.38,268
2026-04-06 12:00:00,3890.38,3894.05,3887.0,3890.49,156
2026-04-06 13:00:00,3890.49,3894.93,3883.4,3884.3,500
2026-04-06 14:00:00,3884.3,3887.37,3874.49,3879.54,236
2026-04-06 15:00:00,3879.54,3892.45,3878.49,3887.51,237
2026-04-06 16:00:00,3887.51,3889.84,3882.64,3886.38,410
2026-04-06 17:00:00,3886.38,3887.47,3882.33,3886.63,154
2026-04-06 18:00:00,3886.63,3892.16,3882.88,3888.96,427
2026-04-06 19:00:00,3888.96,3896.92,3885.56,3891.72,409
2026-04-06 20:00:00,3891.72,3895.0,3889.46,3893.37,186
2026-04-06 21:00:00,3893.37,3902.79,3890.76,3899.77,77
2026-04-06 22:00:00,3899.77,3906.09,3896.64,3903.16,112
2026-04-06 23:00:00,3903.16,3907.44,3900.0,3904.59,472
2026-04-07 00:00:00,3904.59,3908.19,3896.83,3901.33,404
2026-04-07 01:00:00,3901.33,3905.87,3895.45,3900.65,83
2026-04-07 02:00:00,3900.65,3904.73,3898.2,3903.79,141
2026-04-07 03:00:00,3903.79,3913.42,3898.51,3911.48,105
2026-04-07 04:00:00,3911.48,3913.72,3910.23,3912.48,154
2026-04-07 05:00:00,3912.48,3917.26,3908.84,3914.16,200
2026-04-07 06:00:00,3914.16,3919.32,3906.05,3908.92,265
2026-04-07 07:00:00,3908.92,3914.67,3905.2,3911.95,199
2026-04-07 08:00:00,3911.95,3916.78,3907.28,3912.27,316
2026-04-07 09:00:00,3912.27,3916.77,3909.71,3913.05,225
2026-04-07 10:00:00,3913.05,3915.98,3905.29,3909.12,321
2026-04-07 11:00:00,3909.12,3913.83,3900.55,3903.28,205
2026-04-07 12:00:00,3903.28,3905.31,3891.03,3895.48,166
2026-04-07 13:00:00,3895.48,3898.4,3886.62,3891.97,444
2026-04-07 14:00:00,3891.97,3895.17,3886.69,3893.25,366
2026-04-07 15:00:00,3893.25,3898.37,3887.32,3891.38,196
2026-04-07 16:00:00,3891.38,3896.45,3886.36,3892.41,456
2026-04-07 17:00:00,3892.41,3895.94,3890.72,3894.67,71
2026-04-07 18:00:00,3894.67,3902.6,3892.32,3899.9,155
2026-04-07 19:00:00,3899.9,3903.21,3899.03,3899.7,212
2026-04-07 20:00:00,3899.7,3904.68,3894.32,3901.94,323
2026-04-07 21:00:00,3901.94,3903.95,3896.53,3901.63,257
2026-04-07 22:00:00,3901.63,3913.08,3896.49,3907.84,129
2026-04-07 23:00:00,3907.84,3908.36,3900.78,3904.97,309
2026-04-08 00:00:00,3904.97,3907.84,3899.96,3901.91,436
2026-04-08 01:00:00,3901.91,3912.77,3898.54,3907.37,125
2026-04-08 02:00:00,3907.37,3914.46,3905.18,3909.35,107
2026-04-08 03:00:00,3909.35,3913.51,3898.2,3903.2,121
2026-04-08 04:00:00,3903.2,3903.82,3898.74,3902.33,162
2026-04-08 05:00:00,3902.33,3905.06,3899.58,3900.54,78
2026-04-08 06:00:00,3900.54,3903.67,3894.08,3898.49,442
2026-04-08 07:00:00,3898.49,3900.38,3896.22,3896.83,325
2026-04-08 08:00:00,3896.83,3905.64,3891.45,3900.35,251
2026-04-08 09:00:00,3900.35,3901.82,3893.38,3895.47,359
2026-04-08 10:00:00,3895.47,3899.3,3891.62,3894.11,416
2026-04-08 11:00:00,3894.11,3898.88,3891.66,3894.01,240
2026-04-08 12:00:00,3894.01,3899.72,3891.28,3897.68,337
2026-04-08 13:00:00,3897.68,3898.9,3893.54,3897.96,277
2026-04-08 14:00:00,3897.96,3900.67,3896.42,3897.74,422
2026-04-08 15:00:00,3897.74,3903.09,3890.98,3893.6,262
2026-04-08 16:00:00,3893.6,3897.93,3892.06,3897.0,293
2026-04-08 17:00:00,3897.0,3906.53,3893.87,3901.09,221
2026-04-08 18:00:00,3901.09,3914.66,3900.15,3910.38,259
2026-04-08 19:00:00,3910.38,3918.17,3908.51,3914.48,139
2026-04-08 20:00:00,3914.48,3918.76,3907.39,3908.57,145
2026-04-08 21:00:00,3908.57,3913.23,3904.46,3906.41,301
2026-04-08 22:00:00,3906.41,3918.3,3904.39,3913.63,336
2026-04-08 23:00:00,3913.63,3919.79,3912.01,3915.59,455
2026-04-09 00:00:00,3915.59,3923.99,3910.92,3918.71,291
2026-04-09 01:00:00,3918.71,3919.88,3914.88,3918.76,197
2026-04-09 02:00:00,3918.76,3922.7,3913.0,3914.72,111
2026-04-09 03:00:00,3914.72,3921.35,3911.75,3917.03,84
2026-04-09 04:00:00,3917.03,3919.93,3911.27,3913.95,182
2026-04-09 05:00:00,3913.95,3917.59,3908.86,3911.74,405
2026-04-09 06:00:00,3911.74,3917.51,3911.15,3913.35,182
2026-04-09 07:00:00,3913.35,3914.66,3909.04,3909.83,213
2026-04-09 08:00:00,3909.83,3912.12,3903.1,3903.86,234
2026-04-09 09:00:00,3903.86,3907.95,3898.8,3905.35,232
2026-04-09 10:00:00,3905.35,3912.21,3904.47,3908.52,149
2026-04-09 11:00:00,3908.52,3913.85,3907.1,3909.52,98
2026-04-09 12:00:00,3909.52,3911.63,3905.47,3907.55,482
2026-04-09 13:00:00,3907.55,3911.47,3904.13,3906.14,400
2026-04-09 14:00:00,3906.14,3909.31,3902.66,3904.92,123
2026-04-09 15:00:00,3904.92,3905.48,3898.24,3901.33,240
2026-04-09 16:00:00,3901.33,3907.17,3900.01,3902.07,161
2026-04-09 17:00:00,3902.07,3903.34,3896.41,3898.02,146
2026-04-09 18:00:00,3898.02,3903.4,3892.76,3899.45,483
2026-04-09 19:00:00,3899.45,3902.61,3891.28,3894.54,437
2026-04-09 20:00:00,3894.54,3900.97,3893.46,3895.89,117
2026-04-09 21:00:00,3895.89,3901.01,3889.06,3891.96,209
2026-04-09 22:00:00,3891.96,3894.67,3885.73,3891.17,317
2026-04-09 23:00:00,3891.17,3895.49,3886.92,3889.13,413
2026-04-10 00:00:00,3889.13,3890.22,3885.76,3886.9,405
2026-04-10 01:00:00,3886.9,3894.33,3885.27,3893.12,114
2026-04-10 02:00:00,3893.12,3898.55,3888.8,3895.93,107
2026-04-10 03:00:00,3895.93,3907.73,3891.56,3906.84,437
2026-04-10 04:00:00,3906.84,3907.5,3900.64,3904.44,353
2026-04-10 05:00:00,3904.44,3906.35,3903.35,3905.55,179
2026-04-10 06:00:00,3905.55,3909.36,3904.57,3908.81,113
2026-04-10 07:00:00,3908.81,3914.82,3907.28,3909.72,152
2026-04-10 08:00:00,3909.72,3912.15,3904.99,3911.2,192
2026-04-10 09:00:00,3911.2,3919.85,3908.96,3914.61,132
2026-04-10 10:00:00,3914.61,3922.45,3911.59,3918.89,84
2026-04-10 11:00:00,3918.89,3919.89,3910.0,3913.39,57
2026-04-10 12:00:00,3913.39,3918.71,3905.79,3907.15,436
2026-04-10 13:00:00,3907.15,3910.34,3900.64,3906.01,100
2026-04-10 14:00:00,3906.01,3918.77,3903.14,3914.01,407
2026-04-10 15:00:00,3914.01,3917.46,3907.19,3909.89,104
2026-04-10 16:00:00,3909.89,3913.87,3908.32,3911.47,166
2026-04-10 17:00:00,3911.47,3917.41,3907.16,3914.87,210
2026-04-10 18:00:00,3914.87,3917.43,3910.56,3916.25,410
2026-04-10 19:00:00,3916.25,3919.55,3912.14,3917.61,92
2026-04-10 20:00:00,3917.61,3919.53,3913.17,3916.67,209
2026-04-10 21:00:00,3916.67,3922.36,3911.96,3918.42,165
2026-04-10 22:00:00,3918.42,3923.2,3913.85,3915.29,85
2026-04-10 23:00:00,3915.29,3920.26,3909.68,3914.19,397
2026-04-13 00:00:00,3914.19,3918.06,3909.9,3913.76,252
2026-04-13 01:00:00,3913.76,3916.92,3909.97,3914.23,93
2026-04-13 02:00:00,3914.23,3921.15,3908.84,3917.17,429
2026-04-13 03:00:00,3917.17,3925.03,3911.78,3919.9,83
2026-04-13 04:00:00,3919.9,3921.4,3913.43,3918.15,256
2026-04-13 05:00:00,3918.15,3921.27,3913.46,3920.16,421
2026-04-13 06:00:00,3920.16,3924.49,3909.88,3913.35,437
2026-04-13 07:00:00,3913.35,3917.84,3909.63,3913.39,254
2026-04-13 08:00:00,3913.39,3918.64,3904.28,3909.72,311
2026-04-13 09:00:00,3909.72,3916.27,3905.38,3914.38,105
2026-04-13 10:00:00,3914.38,3919.37,3909.17,3917.72,65
2026-04-13 11:00:00,3917.72,3921.94,3916.96,3920.94,84
2026-04-13 12:00:00,3920.94,3922.34,3916.49,3920.01,217
2026-04-13 13:00:00,3920.01,3921.28,3916.4,3920.02,99
2026-04-13 14:00:00,3920.02,3923.5,3917.06,3920.4,288
2026-04-13 15:00:00,3920.4,3921.91,3910.72,3914.53,301
2026-04-13 16:00:00,3914.53,3919.08,3906.33,3909.53,59
2026-04-13 17:00:00,3909.53,3914.79,3908.72,3909.38,270
2026-04-13 18:00:00,3909.38,3913.6,3904.62,3910.85,276
2026-04-13 19:00:00,3910.85,3913.65,3908.81,3909.47,335
2026-04-13 20:00:00,3909.47,3914.39,3904.4,3905.72,270
2026-04-13 21:00:00,3905.72,3906.89,3895.78,3899.86,299
2026-04-13 22:00:00,3899.86,3903.27,3896.59,3900.32,326
2026-04-13 23:00:00,3900.32,3903.68,3892.27,3895.15,487
2026-04-14 00:00:00,3895.15,3897.72,3891.69,3895.9,243
2026-04-14 01:00:00,3895.9,3900.61,3893.64,3897.03,195
2026-04-14 02:00:00,3897.03,3897.76,3891.94,3896.62,228
2026-04-14 03:00:00,3896.62,3902.03,3893.2,3897.48,441
2026-04-14 04:00:00,3897.48,3901.31,3895.25,3900.32,232
2026-04-14 05:00:00,3900.32,3902.88,3897.23,3898.01,175
2026-04-14 06:00:00,3898.01,3901.56,3892.96,3898.1,83
2026-04-14 07:00:00,3898.1,3908.72,3897.03,3903.88,136
2026-04-14 08:00:00,3903.88,3910.21,3899.06,3907.41,340
2026-04-14 09:00:00,3907.41,3910.92,3904.8,3907.85,60
2026-04-14 10:00:00,3907.85,3913.28,3903.69,3906.08,249
2026-04-14 11:00:00,3906.08,3908.19,3900.07,3901.06,300
2026-04-14 12:00:00,3901.06,3908.09,3898.05,3905.91,441
2026-04-14 13:00:00,3905.91,3913.28,3904.58,3909.44,203
2026-04-14 14:00:00,3909.44,3912.42,3901.9,3906.64,453
2026-04-14 15:00:00,3906.64,3910.76,3901.89,3909.88,159
2026-04-14 16:00:00,3909.88,3915.36,3907.08,3909.59,165
2026-04-14 17:00:00,3909.59,3914.42,3904.3,3910.8,417
2026-04-14 18:00:00,3910.8,3913.98,3909.96,3911.8,460
2026-04-14 19:00:00,3911.8,3914.96,3907.68,3910.32,227
2026-04-14 20:00:00,3910.32,3913.97,3905.8,3911.96,271
2026-04-14 21:00:00,3911.96,3915.78,3904.32,3906.39,262
2026-04-14 22:00:00,3906.39,3909.16,3897.49,3901.81,142
2026-04-14 23:00:00,3901.81,3909.94,3898.17,3905.04,314
2026-04-15 00:00:00,3905.04,3910.01,3899.73,3908.45,430
2026-04-15 01:00:00,3908.45,3913.64,3902.63,3904.47,376
2026-04-15 02:00:00,3904.47,3908.82,3896.39,3899.06,339
2026-04-15 03:00:00,3899.06,3903.19,3897.13,3897.93,152
2026-04-15 04:00:00,3897.93,3899.18,3892.51,3896.44,203
2026-04-15 05:00:00,3896.44,3902.86,3893.89,3898.14,490
2026-04-15 06:00:00,3898.14,3900.36,3895.58,3898.84,471
2026-04-15 07:00:00,3898.84,3900.78,3896.26,3897.56,401
2026-04-15 08:00:00,3897.56,3898.63,3892.82,3894.28,175
2026-04-15 09:00:00,3894.28,3898.77,3889.81,3891.86,298
2026-04-15 10:00:00,3891.86,3895.59,3887.19,3887.88,131
2026-04-15 11:00:00,3887.88,3889.74,3885.66,3886.31,454
2026-04-15 12:00:00,3886.31,3889.63,3881.55,3888.25,419
2026-04-15 13:00:00,3888.25,3891.18,3882.11,3882.71,490
2026-04-15 14:00:00,3882.71,3887.46,3881.89,3885.47,258
2026-04-15 15:00:00,3885.47,3890.45,3879.51,3883.37,96
2026-04-15 16:00:00,3883.37,3888.08,3875.59,3877.27,342
2026-04-15 17:00:00,3877.27,3886.06,3872.11,3881.89,317
2026-04-15 18:00:00,3881.89,3886.27,3876.05,3879.18,304
2026-04-15 19:00:00,3879.18,3884.1,3872.97,3874.66,112
2026-04-15 20:00:00,3874.66,3879.82,3870.47,3875.16,462
2026-04-15 21:00:00,3875.16,3879.4,3870.05,3871.73,266
2026-04-15 22:00:00,3871.73,3873.68,3869.86,3872.11,259
2026-04-15 23:00:00,3872.11,3875.74,3868.66,3873.97,301
2026-04-16 00:00:00,3873.97,3875.03,3864.67,3867.9,293
2026-04-16 01:00:00,3867.9,3871.81,3861.28,3866.6,500
2026-04-16 02:00:00,3866.6,3869.96,3864.26,3867.08,207
2026-04-16 03:00:00,3867.08,3867.69,3859.56,3864.89,360
2026-04-16 04:00:00,3864.89,3875.78,3864.12,3871.29,453
2026-04-16 05:00:00,3871.29,3876.57,3869.53,3872.71,246
2026-04-16 06:00:00,3872.71,3875.02,3864.48,3869.04,112
2026-04-16 07:00:00,3869.04,3881.61,3867.36,3878.44,276
2026-04-16 08:00:00,3878.44,3880.9,3866.34,3871.73,180
2026-04-16 09:00:00,3871.73,3879.39,3866.55,3877.39,437
2026-04-16 10:00:00,3877.39,3882.59,3872.31,3877.64,373
2026-04-16 11:00:00,3877.64,3882.47,3873.08,3880.38,379
2026-04-16 12:00:00,3880.38,3885.21,3874.89,3879.51,301
2026-04-16 13:00:00,3879.51,3882.95,3876.95,3880.09,480
2026-04-16 14:00:00,3880.09,3885.18,3877.01,3878.01,132
2026-04-16 15:00:00,3878.01,3885.64,3874.98,3881.65,230
2026-04-16 16:00:00,3881.65,3884.89,3873.84,3875.97,405
2026-04-16 17:00:00,3875.97,3879.69,3875.21,3879.05,378
2026-04-16 18:00:00,3879.05,3884.51,3878.53,3880.8,152
2026-04-16 19:00:00,3880.8,3888.4,3878.73,3884.76,92
2026-04-16 20:00:00,3884.76,3891.16,3880.42,3887.09,382
2026-04-16 21:00:00,3887.09,3893.35,3882.36,3889.03,401
2026-04-16 22:00:00,3889.03,3891.79,3876.15,3881.02,118
2026-04-16 23:00:00,3881.02,3887.88,3877.08,3886.08,473
2026-04-17 00:00:00,3886.08,3887.0,3882.22,3884.56,251
2026-04-17 01:00:00,3884.56,3892.32,3879.34,3887.44,342
2026-04-17 02:00:00,3887.44,3894.11,3883.7,3888.99,370
2026-04-17 03:00:00,3888.99,3900.24,3888.05,3898.6,286
2026-04-17 04:00:00,3898.6,3901.93,3896.09,3900.59,269
2026-04-17 05:00:00,3900.59,3909.98,3899.34,3906.48,238
2026-04-17 06:00:00,3906.48,3909.54,3903.35,3908.97,445
2026-04-17 07:00:00,3908.97,3918.61,3906.2,3913.51,394
2026-04-17 08:00:00,3913.51,3915.03,3905.43,3910.66,466
2026-04-17 09:00:00,3910.66,3915.17,3908.72,3910.76,303
2026-04-17 10:00:00,3910.76,3912.29,3906.04,3907.62,471
2026-04-17 11:00:00,3907.62,3912.4,3903.73,3910.49,264
2026-04-17 12:00:00,3910.49,3914.14,3905.11,3913.5,170
2026-04-17 13:00:00,3913.5,3923.52,3908.46,3919.93,239
2026-04-17 14:00:00,3919.93,3920.86,3912.08,3914.92,496
2026-04-17 15:00:00,3914.92,3917.04,3908.08,3912.05,401
2026-04-17 16:00:00,3912.05,3915.6,3908.56,3912.98,87
2026-04-17 17:00:00,3912.98,3917.78,3912.19,3916.8,220
2026-04-17 18:00:00,3916.8,3923.17,3913.27,3920.9,393
2026-04-17 19:00:00,3920.9,3926.24,3915.52,3919.01,433
2026-04-17 20:00:00,3919.01,3922.18,3916.61,3919.16,252
2026-04-17 21:00:00,3919.16,3923.02,3917.61,3918.77,336
2026-04-17 22:00:00,3918.77,3922.55,3915.81,3921.2,223
2026-04-17 23:00:00,3921.2,3926.73,3920.04,3921.84,212
2026-04-20 00:00:00,3921.84,3923.64,3918.72,3920.79,115
2026-04-20 01:00:00,3920.79,3923.79,3911.29,3916.66,193
2026-04-20 02:00:00,3916.66,3918.57,3911.66,3916.54,363
2026-04-20 03:00:00,3916.54,3921.19,3902.28,3907.41,314
2026-04-20 04:00:00,3907.41,3909.49,3898.68,3904.15,441
2026-04-20 05:00:00,3904.15,3917.2,3900.87,3911.95,386
2026-04-20 06:00:00,3911.95,3913.39,3908.37,3909.14,143
2026-04-20 07:00:00,3909.14,3909.82,3904.08,3905.88,411
2026-04-20 08:00:00,3905.88,3910.86,3900.97,3903.94,276
2026-04-20 09:00:00,3903.94,3906.63,3899.89,3904.35,298
2026-04-20 10:00:00,3904.35,3908.45,3901.22,3902.46,228
2026-04-20 11:00:00,3902.46,3903.94,3897.62,3902.97,142
2026-04-20 12:00:00,3902.97,3910.97,3899.65,3906.36,389
2026-04-20 13:00:00,3906.36,3909.79,3897.21,3900.63,52
2026-04-20 14:00:00,3900.63,3903.21,3894.62,3895.5,443
2026-04-20 15:00:00,3895.5,3898.49,3893.68,3894.65,218
2026-04-20 16:00:00,3894.65,3904.52,3892.18,3900.62,352
2026-04-20 17:00:00,3900.62,3906.75,3899.59,3901.6,215
2026-04-20 18:00:00,3901.6,3907.18,3897.8,3902.53,282
2026-04-20 19:00:00,3902.53,3907.52,3900.68,3903.88,386
2026-04-20 20:00:00,3903.88,3918.23,3898.63,3914.45,216
2026-04-20 21:00:00,3914.45,3920.08,3908.95,3914.84,458
2026-04-20 22:00:00,3914.84,3915.58,3908.62,3912.34,215
2026-04-20 23:00:00,3912.34,3916.83,3906.96,3911.18,330
2026-04-21 00:00:00,3911.18,3917.41,3909.79,3914.92,444
2026-04-21 01:00:00,3914.92,3919.75,3912.8,3913.75,486
2026-04-21 02:00:00,3913.75,3917.29,3910.01,3914.78,384
2026-04-21 03:00:00,3914.78,3919.88,3912.79,3918.61,460
2026-04-21 04:00:00,3918.61,3920.66,3908.09,3912.01,117
2026-04-21 05:00:00,3912.01,3917.3,3911.03,3915.0,238
2026-04-21 06:00:00,3915.0,3919.93,3907.5,3910.38,338
2026-04-21 07:00:00,3910.38,3913.88,3909.06,3910.01,266
2026-04-21 08:00:00,3910.01,3914.74,3907.38,3912.07,70
2026-04-21 09:00:00,3912.07,3915.14,3901.58,3906.95,396
2026-04-21 10:00:00,3906.95,3909.21,3903.97,3907.93,372
2026-04-21 11:00:00,3907.93,3917.68,3907.01,3913.94,289
2026-04-21 12:00:00,3913.94,3916.83,3904.64,3905.88,115
2026-04-21 13:00:00,3905.88,3913.15,3903.88,3909.23,177
2026-04-21 14:00:00,3909.23,3909.97,3905.04,3905.92,73
2026-04-21 15:00:00,3905.92,3908.99,3902.39,3905.44,261
2026-04-21 16:00:00,3905.44,3913.66,3903.67,3910.32,180
2026-04-21 17:00:00,3910.32,3917.04,3905.98,3913.61,58
2026-04-21 18:00:00,3913.61,3919.45,3912.2,3918.05,251
2026-04-21 19:00:00,3918.05,3922.64,3915.47,3921.91,410
2026-04-21 20:00:00,3921.91,3924.68,3916.49,3920.34,369
2026-04-21 21:00:00,3920.34,3929.96,3918.13,3925.42,496
2026-04-21 22:00:00,3925.42,3927.32,3920.01,3926.43,182
2026-04-21 23:00:00,3926.43,3931.29,3922.84,3923.87,323
2026-04-22 00:00:00,3923.87,3928.42,3920.09,3927.85,285
2026-04-22 01:00:00,3927.85,3932.26,3923.01,3928.3,431
2026-04-22 02:00:00,3928.3,3931.89,3919.23,3924.6,234
2026-04-22 03:00:00,3924.6,3928.55,3916.52,3921.84,395
2026-04-22 04:00:00,3921.84,3922.97,3918.59,3919.16,107
2026-04-22 05:00:00,3919.16,3925.82,3915.18,3921.24,146
2026-04-22 06:00:00,3921.24,3926.71,3917.49,3922.97,273
2026-04-22 07:00:00,3922.97,3927.68,3916.06,3920.85,325
2026-04-22 08:00:00,3920.85,3924.9,3917.98,3922.08,61
2026-04-22 09:00:00,3922.08,3926.31,3917.07,3925.23,428
2026-04-22 10:00:00,3925.23,3928.09,3917.41,3922.21,349
2026-04-22 11:00:00,3922.21,3923.92,3910.39,3912.36,474
2026-04-22 12:00:00,3912.36,3913.55,3908.71,3913.01,415
2026-04-22 13:00:00,3913.01,3915.67,3909.31,3911.89,303
2026-04-22 14:00:00,3911.89,3915.16,3909.5,3911.45,299
2026-04-22 15:00:00,3911.45,3913.95,3903.01,3906.08,421
2026-04-22 16:00:00,3906.08,3910.66,3898.53,3901.47,415
2026-04-22 17:00:00,3901.47,3902.27,3896.98,3897.58,345
2026-04-22 18:00:00,3897.58,3902.54,3894.41,3897.0,292
2026-04-22 19:00:00,3897.0,3899.41,3893.39,3898.33,380
2026-04-22 20:00:00,3898.33,3898.93,3892.86,3894.8,148
2026-04-22 21:00:00,3894.8,3902.73,3892.11,3899.88,309
2026-04-22 22:00:00,3899.88,3903.74,3896.37,3901.54,481
2026-04-22 23:00:00,3901.54,3914.22,3898.7,3910.14,200
2026-04-23 00:00:00,3910.14,3912.72,3904.26,3909.47,384
2026-04-23 01:00:00,3909.47,3913.64,3901.07,3905.55,459
2026-04-23 02:00:00,3905.55,3909.43,3901.6,3907.89,94
2026-04-23 03:00:00,3907.89,3911.73,3906.31,3907.46,152
2026-04-23 04:00:00,3907.46,3914.52,3902.24,3910.05,302
2026-04-23 05:00:00,3910.05,3915.94,3908.5,3913.92,74
2026-04-23 06:00:00,3913.92,3919.49,3910.04,3917.69,139
2026-04-23 07:00:00,3917.69,3922.33,3912.7,3917.67,66
2026-04-23 08:00:00,3917.67,3920.01,3916.04,3918.94,337
2026-04-23 09:00:00,3918.94,3920.56,3913.75,3915.54,224
2026-04-23 10:00:00,3915.54,3921.38,3912.25,3917.03,127
2026-04-23 11:00:00,3917.03,3921.8,3905.47,3910.34,359
2026-04-23 12:00:00,3910.34,3915.47,3904.62,3907.31,284
2026-04-23 13:00:00,3907.31,3912.62,3897.55,3901.83,104
2026-04-23 14:00:00,3901.83,3907.7,3900.82,3902.91,337
2026-04-23 15:00:00,3902.91,3903.62,3896.5,3897.53,372
2026-04-23 16:00:00,3897.53,3901.84,3893.39,3899.53,412
2026-04-23 17:00:00,3899.53,3904.07,3896.5,3901.36,425
2026-04-23 18:00:00,3901.36,3905.27,3896.76,3902.95,112
2026-04-23 19:00:00,3902.95,3907.69,3898.57,3901.27,262
2026-04-23 20:00:00,3901.27,3906.0,3898.4,3901.33,196
2026-04-23 21:00:00,3901.33,3904.36,3899.94,3900.87,240
2026-04-23 22:00:00,3900.87,3904.52,3898.24,3899.97,435
2026-04-23 23:00:00,3899.97,3904.24,3893.32,3895.93,166
2026-04-24 00:00:00,3895.93,3903.76,3890.94,3898.67,486
2026-04-24 01:00:00,3898.67,3904.98,3894.76,3901.9,65
2026-04-24 02:00:00,3901.9,3905.99,3892.39,3895.48,85
2026-04-24 03:00:00,3895.48,3898.82,3893.41,3897.9,445
2026-04-24 04:00:00,3897.9,3902.93,3894.1,3898.63,378
2026-04-24 05:00:00,3898.63,3901.1,3895.26,3899.85,373
2026-04-24 06:00:00,3899.85,3911.84,3894.49,3906.96,264
2026-04-24 07:00:00,3906.96,3909.47,3902.16,3906.06,333
2026-04-24 08:00:00,3906.06,3912.61,3903.84,3910.54,473
2026-04-24 09:00:00,3910.54,3912.44,3902.84,3905.98,125
2026-04-24 10:00:00,3905.98,3907.51,3901.42,3904.64,453
2026-04-24 11:00:00,3904.64,3908.23,3897.79,3900.5,226
2026-04-24 12:00:00,3900.5,3908.33,3899.01,3905.81,204
2026-04-24 13:00:00,3905.81,3906.73,3898.09,3901.28,249
2026-04-24 14:00:00,3901.28,3902.41,3894.8,3900.26,195
2026-04-24 15:00:00,3900.26,3901.83,3890.71,3893.77,209
2026-04-24 16:00:00,3893.77,3895.07,3886.46,3887.1,457
2026-04-24 17:00:00,3887.1,3890.3,3884.41,3886.2,476
2026-04-24 18:00:00,3886.2,3892.6,3885.15,3887.17,80
2026-04-24 19:00:00,3887.17,3891.88,3879.0,3880.8,309
2026-04-24 20:00:00,3880.8,3884.55,3878.92,3880.04,202
2026-04-24 21:00:00,3880.04,3884.39,3879.51,3881.03,223
2026-04-24 22:00:00,3881.03,3893.68,3877.7,3888.23,371
2026-04-24 23:00:00,3888.23,3892.06,3882.74,3887.46,169
2026-04-27 00:00:00,3887.46,3891.88,3881.46,3885.53,394
2026-04-27 01:00:00,3885.53,3889.37,3883.14,3888.17,427
2026-04-27 02:00:00,3888.17,3891.63,3883.56,3888.22,234
2026-04-27 03:00:00,3888.22,3894.56,3886.99,3891.79,267
2026-04-27 04:00:00,3891.79,3893.38,3886.85,3892.57,293
2026-04-27 05:00:00,3892.57,3894.14,3890.22,3891.11,396
2026-04-27 06:00:00,3891.11,3894.2,3883.38,3885.85,185
2026-04-27 07:00:00,3885.85,3889.27,3881.29,3884.97,275
2026-04-27 08:00:00,3884.97,3889.13,3878.76,3881.34,133
2026-04-27 09:00:00,3881.34,3882.56,3871.18,3872.32,414
2026-04-27 10:00:00,3872.32,3875.39,3859.04,3862.19,405
2026-04-27 11:00:00,3862.19,3866.51,3859.32,3864.95,432
2026-04-27 12:00:00,3864.95,3872.89,3863.86,3867.78,486
2026-04-27 13:00:00,3867.78,3874.59,3866.68,3872.05,342
2026-04-27 14:00:00,3872.05,3873.14,3868.83,3870.85,241
2026-04-27 15:00:00,3870.85,3877.59,3867.92,3875.57,455
2026-04-27 16:00:00,3875.57,3882.54,3870.39,3879.93,206
2026-04-27 17:00:00,3879.93,3890.35,3878.35,3885.4,469
2026-04-27 18:00:00,3885.4,3888.64,3884.54,3885.38,72
2026-04-27 19:00:00,3885.38,3887.97,3881.75,3885.12,339
2026-04-27 20:00:00,3885.12,3887.51,3876.98,3881.65,476
2026-04-27 21:00:00,3881.65,3886.25,3877.34,3882.72,308
2026-04-27 22:00:00,3882.72,3886.56,3877.05,3878.29,422
2026-04-27 23:00:00,3878.29,3880.42,3868.67,3873.17,390
2026-04-28 00:00:00,3873.17,3878.17,3868.16,3870.35,73
2026-04-28 01:00:00,3870.35,3875.64,3862.63,3867.58,426
2026-04-28 02:00:00,3867.58,3868.91,3866.67,3867.29,372
2026-04-28 03:00:00,3867.29,3873.47,3863.25,3868.99,337
2026-04-28 04:00:00,3868.99,3869.92,3860.19,3865.47,327
2026-04-28 05:00:00,3865.47,3868.85,3860.16,3860.92,341
2026-04-28 06:00:00,3860.92,3863.93,3853.73,3854.32,387
2026-04-28 07:00:00,3854.32,3859.5,3852.01,3853.41,59
2026-04-28 08:00:00,3853.41,3858.06,3848.3,3852.99,346
2026-04-28 09:00:00,3852.99,3858.39,3848.46,3855.67,360
2026-04-28 10:00:00,3855.67,3858.63,3848.22,3853.39,224
2026-04-28 11:00:00,3853.39,3860.9,3850.82,3858.21,490
2026-04-28 12:00:00,3858.21,3859.17,3848.95,3854.35,327
2026-04-28 13:00:00,3854.35,3855.69,3852.45,3853.67,180
2026-04-28 14:00:00,3853.67,3859.2,3849.78,3853.94,80
2026-04-28 15:00:00,3853.94,3857.51,3849.51,3851.64,63
2026-04-28 16:00:00,3851.64,3852.63,3849.66,3850.87,215
2026-04-28 17:00:00,3850.87,3852.66,3842.38,3847.59,111
2026-04-28 18:00:00,3847.59,3853.88,3845.91,3850.39,310
2026-04-28 19:00:00,3850.39,3855.6,3847.96,3851.34,108
2026-04-28 20:00:00,3851.34,3854.61,3850.09,3850.92,64
2026-04-28 21:00:00,3850.92,3856.94,3849.25,3854.4,59
2026-04-28 22:00:00,3854.4,3858.28,3851.43,3853.16,334
2026-04-28 23:00:00,3853.16,3867.14,3852.03,3863.38,340
2026-04-29 00:00:00,3863.38,3867.06,3860.46,3861.98,122
2026-04-29 01:00:00,3861.98,3865.28,3856.55,3862.91,450
2026-04-29 02:00:00,3862.91,3868.52,3859.63,3863.21,71
2026-04-29 03:00:00,3863.21,3873.59,3860.39,3873.08,474
2026-04-29 04:00:00,3873.08,3874.42,3868.06,3868.86,296
2026-04-29 05:00:00,3868.86,3870.73,3863.11,3864.86,398
2026-04-29 06:00:00,3864.86,3868.52,3858.71,3862.14,311
2026-04-29 07:00:00,3862.14,3866.6,3860.83,3864.69,323
2026-04-29 08:00:00,3864.69,3867.17,3860.46,3861.57,121
2026-04-29 09:00:00,3861.57,3865.7,3854.77,3860.26,499
2026-04-29 10:00:00,3860.26,3865.55,3853.17,3855.26,399
2026-04-29 11:00:00,3855.26,3862.77,3851.58,3857.54,435
2026-04-29 12:00:00,3857.54,3861.35,3854.59,3856.7,157
2026-04-29 13:00:00,3856.7,3859.5,3850.12,3853.62,58
2026-04-29 14:00:00,3853.62,3860.57,3850.08,3855.46,52
2026-04-29 15:00:00,3855.46,3860.47,3850.5,3854.36,261
2026-04-29 16:00:00,3854.36,3857.3,3846.1,3848.56,91
2026-04-29 17:00:00,3848.56,3853.0,3842.69,3846.44,89
2026-04-29 18:00:00,3846.44,3851.02,3835.51,3838.24,113
2026-04-29 19:00:00,3838.24,3840.5,3831.65,3836.21,473
2026-04-29 20:00:00,3836.21,3840.91,3828.47,3833.03,54
2026-04-29 21:00:00,3833.03,3834.15,3828.33,3830.68,148
2026-04-29 22:00:00,3830.68,3831.28,3826.11,3828.02,413
2026-04-29 23:00:00,3828.02,3831.28,3827.07,3828.99,364
2026-04-30 00:00:00,3828.99,3830.6,3818.46,3823.86,235
2026-04-30 01:00:00,3823.86,3824.54,3815.75,3818.71,410
2026-04-30 02:00:00,3818.71,3820.19,3813.37,3817.98,252
2026-04-30 03:00:00,3817.98,3819.03,3813.45,3815.34,306
2026-04-30 04:00:00,3815.34,3819.14,3806.95,3810.28,399
2026-04-30 05:00:00,3810.28,3813.98,3808.9,3810.47,351
2026-04-30 06:00:00,3810.47,3813.29,3807.12,3811.49,166
2026-04-30 07:00:00,3811.49,3817.46,3807.35,3812.55,190
2026-04-30 08:00:00,3812.55,3820.16,3808.59,3814.7,322
2026-04-30 09:00:00,3814.7,3823.89,3810.8,3820.32,282
2026-04-30 10:00:00,3820.32,3828.41,3816.57,3824.54,487
2026-04-30 11:00:00,3824.54,3829.78,3821.88,3824.59,258
2026-04-30 12:00:00,3824.59,3827.42,3821.37,3823.68,438
2026-04-30 13:00:00,3823.68,3830.37,3819.57,3829.65,74
2026-04-30 14:00:00,3829.65,3832.39,3828.39,3828.92,149
2026-04-30 15:00:00,3828.92,3835.2,3824.02,3833.03,463
2026-04-30 16:00:00,3833.03,3844.88,3830.41,3839.49,88
2026-04-30 17:00:00,3839.49,3845.61,3838.01,3840.53,218
2026-04-30 18:00:00,3840.53,3841.51,3835.54,3838.44,463
2026-04-30 19:00:00,3838.44,3844.27,3833.95,3843.65,221
2026-04-30 20:00:00,3843.65,3848.14,3838.36,3845.27,476
2026-04-30 21:00:00,3845.27,3846.04,3840.56,3842.73,456
2026-04-30 22:00:00,3842.73,3846.36,3840.04,3842.86,98
2026-04-30 23:00:00,3842.86,3848.04,3839.47,3844.41,93
2026-05-01 00:00:00,3844.41,3855.6,3839.46,3853.21,405
2026-05-01 01:00:00,3853.21,3854.04,3850.65,3851.79,460
2026-05-01 02:00:00,3851.79,3855.42,3847.79,3848.62,396
2026-05-01 03:00:00,3848.62,3850.61,3847.86,3849.83,485
2026-05-01 04:00:00,3849.83,3854.09,3846.84,3848.51,356
2026-05-01 05:00:00,3848.51,3854.17,3844.89,3849.73,282
2026-05-01 06:00:00,3849.73,3854.63,3840.82,3844.42,223
2026-05-01 07:00:00,3844.42,3852.92,3840.54,3849.17,63
2026-05-01 08:00:00,3849.17,3850.63,3844.74,3845.75,354
2026-05-01 09:00:00,3845.75,3850.84,3842.29,3846.77,480
2026-05-01 10:00:00,3846.77,3852.27,3844.99,3848.58,265
2026-05-01 11:00:00,3848.58,3856.39,3844.98,3853.48,145
2026-05-01 12:00:00,3853.48,3854.59,3851.42,3853.79,273
2026-05-01 13:00:00,3853.79,3864.0,3850.03,3860.93,233
2026-05-01 14:00:00,3860.93,3865.31,3856.57,3857.81,208
2026-05-01 15:00:00,3857.81,3869.05,3855.85,3865.53,54
2026-05-01 16:00:00,3865.53,3866.75,3858.02,3859.71,469
2026-05-01 17:00:00,3859.71,3864.39,3854.27,3859.06,266
2026-05-01 18:00:00,3859.06,3862.76,3851.46,3852.97,85
2026-05-01 19:00:00,3852.97,3864.29,3849.13,3862.08,405
2026-05-01 20:00:00,3862.08,3866.04,3855.72,3860.48,339
2026-05-01 21:00:00,3860.48,3865.8,3852.71,3856.29,264
2026-05-01 22:00:00,3856.29,3861.17,3850.35,3855.4,303
2026-05-01 23:00:00,3855.4,3858.66,3854.88,3857.06,164
2026-05-04 00:00:00,3857.06,3858.63,3852.59,3855.49,443
2026-05-04 01:00:00,3855.49,3860.75,3849.13,3851.29,428
2026-05-04 02:00:00,3851.29,3855.92,3847.88,3848.41,55
2026-05-04 03:00:00,3848.41,3852.12,3847.76,3851.25,108
2026-05-04 04:00:00,3851.25,3857.61,3846.19,3853.95,234
2026-05-04 05:00:00,3853.95,3858.03,3853.3,3857.31,151
2026-05-04 06:00:00,3857.31,3859.12,3855.34,3856.71,483
2026-05-04 07:00:00,3856.71,3862.73,3855.32,3859.46,61
2026-05-04 08:00:00,3859.46,3861.87,3854.8,3860.86,120
2026-05-04 09:00:00,3860.86,3866.04,3856.42,3863.65,106
2026-05-04 10:00:00,3863.65,3866.43,3859.85,3862.2,240
2026-05-04 11:00:00,3862.2,3868.34,3856.99,3864.54,459
2026-05-04 12:00:00,3864.54,3877.69,3863.71,3872.8,123
2026-05-04 13:00:00,3872.8,3877.71,3871.53,3872.68,147
2026-05-04 14:00:00,3872.68,3876.45,3869.18,3874.08,375
2026-05-04 15:00:00,3874.08,3879.44,3873.35,3877.72,365
2026-05-04 16:00:00,3877.72,3879.69,3869.78,3871.02,176
2026-05-04 17:00:00,3871.02,3871.79,3862.44,3866.92,496
2026-05-04 18:00:00,3866.92,3873.68,3863.98,3870.26,422
2026-05-04 19:00:00,3870.26,3874.57,3867.41,3873.66,389
2026-05-04 20:00:00,3873.66,3876.1,3866.93,3871.84,434
2026-05-04 21:00:00,3871.84,3874.89,3867.25,3870.24,287
2026-05-04 22:00:00,3870.24,3876.09,3867.32,3872.96,303
2026-05-04 23:00:00,3872.96,3881.53,3869.55,3878.66,376
2026-05-05 00:00:00,3878.66,3884.0,3877.06,3883.32,153
2026-05-05 01:00:00,3883.32,3886.08,3879.13,3880.8,161
2026-05-05 02:00:00,3880.8,3884.16,3872.73,3877.91,241
2026-05-05 03:00:00,3877.91,3887.55,3876.99,3885.78,434
2026-05-05 04:00:00,3885.78,3891.79,3882.36,3889.53,288
2026-05-05 05:00:00,3889.53,3894.78,3887.35,3891.72,280
2026-05-05 06:00:00,3891.72,3896.24,3885.61,3887.7,245
2026-05-05 07:00:00,3887.7,3889.15,3884.99,3888.53,185
2026-05-05 08:00:00,3888.53,3889.44,3881.51,3886.22,312
2026-05-05 09:00:00,3886.22,3889.45,3882.34,3883.23,191
2026-05-05 10:00:00,3883.23,3885.72,3882.54,3884.86,152
2026-05-05 11:00:00,3884.86,3887.03,3880.17,3884.05,178
2026-05-05 12:00:00,3884.05,3887.97,3879.79,3881.66,411
2026-05-05 13:00:00,3881.66,3892.14,3880.47,3888.62,487
2026-05-05 14:00:00,3888.62,3893.78,3888.08,3888.72,203
2026-05-05 15:00:00,3888.72,3890.63,3879.93,3882.16,256
2026-05-05 16:00:00,3882.16,3893.45,3881.6,3889.16,384
2026-05-05 17:00:00,3889.16,3892.22,3882.37,3886.68,126
2026-05-05 18:00:00,3886.68,3892.71,3885.13,3888.59,169
2026-05-05 19:00:00,3888.59,3891.67,3882.01,3886.44,437
2026-05-05 20:00:00,3886.44,3888.64,3878.31,3879.24,483
2026-05-05 21:00:00,3879.24,3882.11,3874.89,3880.67,407
2026-05-05 22:00:00,3880.67,3885.43,3876.28,3876.93,121
2026-05-05 23:00:00,3876.93,3882.45,3875.79,3879.06,427
2026-05-06 00:00:00,3879.06,3891.01,3876.86,3886.34,264
2026-05-06 01:00:00,3886.34,3889.41,3882.08,3886.78,440
2026-05-06 02:00:00,3886.78,3889.8,3886.16,3887.67,452
2026-05-06 03:00:00,3887.67,3888.33,3881.58,3882.78,219
2026-05-06 04:00:00,3882.78,3887.85,3872.89,3876.26,250
2026-05-06 05:00:00,3876.26,3881.66,3871.76,3873.28,250
2026-05-06 06:00:00,3873.28,3879.79,3871.14,3876.92,281
2026-05-06 07:00:00,3876.92,3882.16,3874.9,3878.46,137
2026-05-06 08:00:00,3878.46,3883.14,3874.51,3882.48,300
2026-05-06 09:00:00,3882.48,3886.2,3880.99,3885.57,247
2026-05-06 10:00:00,3885.57,3889.37,3884.11,3884.96,79
2026-05-06 11:00:00,3884.96,3890.15,3884.4,3887.81,217
2026-05-06 12:00:00,3887.81,3891.72,3886.76,3890.43,324
2026-05-06 13:00:00,3890.43,3893.02,3883.03,3887.25,249
2026-05-06 14:00:00,3887.25,3896.1,3885.72,3894.95,271
2026-05-06 15:00:00,3894.95,3899.54,3888.9,3892.72,131
2026-05-06 16:00:00,3892.72,3896.16,3882.18,3885.19,400
2026-05-06 17:00:00,3885.19,3887.98,3877.94,3879.45,123
2026-05-06 18:00:00,3879.45,3882.97,3870.69,3872.42,218
2026-05-06 19:00:00,3872.42,3879.97,3867.52,3874.92,285
2026-05-06 20:00:00,3874.92,3875.88,3870.09,3873.82,283
2026-05-06 21:00:00,3873.82,3876.31,3869.11,3874.08,455
2026-05-06 22:00:00,3874.08,3878.63,3871.08,3872.46,177
2026-05-06 23:00:00,3872.46,3879.13,3868.87,3877.73,271
2026-05-07 00:00:00,3877.73,3879.15,3865.9,3869.24,251
2026-05-07 01:00:00,3869.24,3875.53,3868.52,3871.54,495
2026-05-07 02:00:00,3871.54,3879.26,3867.71,3876.07,84
2026-05-07 03:00:00,3876.07,3886.99,3871.96,3883.0,161
2026-05-07 04:00:00,3883.0,3890.77,3881.89,3886.46,238
2026-05-07 05:00:00,3886.46,3887.34,3883.2,3884.23,442
2026-05-07 06:00:00,3884.23,3886.31,3882.69,3884.99,72
2026-05-07 07:00:00,3884.99,3887.8,3880.08,3880.95,405
2026-05-07 08:00:00,3880.95,3883.17,3876.44,3878.94,149
2026-05-07 09:00:00,3878.94,3881.42,3874.41,3874.96,108
2026-05-07 10:00:00,3874.96,3878.81,3871.59,3874.41,286
2026-05-07 11:00:00,3874.41,3875.25,3869.07,3872.31,174
2026-05-07 12:00:00,3872.31,3875.16,3869.44,3871.34,132
2026-05-07 13:00:00,3871.34,3872.69,3866.57,3867.16,101
2026-05-07 14:00:00,3867.16,3872.28,3865.82,3868.07,393
2026-05-07 15:00:00,3868.07,3874.24,3864.18,3869.92,128
2026-05-07 16:00:00,3869.92,3873.99,3862.63,3867.59,322
2026-05-07 17:00:00,3867.59,3870.08,3863.61,3868.5,478
2026-05-07 18:00:00,3868.5,3872.31,3861.48,3865.28,102
2026-05-07 19:00:00,3865.28,3867.73,3859.59,3861.63,76
2026-05-07 20:00:00,3861.63,3864.02,3859.09,3860.6,177
2026-05-07 21:00:00,3860.6,3862.97,3858.18,3859.87,96
2026-05-07 22:00:00,3859.87,3861.39,3855.27,3860.82,398
2026-05-07 23:00:00,3860.82,3864.76,3859.22,3860.92,99
2026-05-08 00:00:00,3860.92,3864.45,3859.58,3863.11,262
2026-05-08 01:00:00,3863.11,3866.17,3851.32,3855.9,215
2026-05-08 02:00:00,3855.9,3857.44,3850.29,3853.5,269
2026-05-08 03:00:00,3853.5,3854.6,3850.94,3852.51,232
2026-05-08 04:00:00,3852.51,3856.28,3851.64,3852.2,158
2026-05-08 05:00:00,3852.2,3855.61,3851.37,3852.82,467
2026-05-08 06:00:00,3852.82,3853.54,3846.9,3851.83,260
2026-05-08 07:00:00,3851.83,3859.34,3848.34,3857.33,102
2026-05-08 08:00:00,3857.33,3862.44,3852.33,3855.68,178
2026-05-08 09:00:00,3855.68,3860.98,3845.29,3848.79,373
2026-05-08 10:00:00,3848.79,3854.15,3842.83,3846.8,220
2026-05-08 11:00:00,3846.8,3848.18,3836.81,3841.12,402
2026-05-08 12:00:00,3841.12,3844.03,3835.7,3837.88,361
2026-05-08 13:00:00,3837.88,3850.05,3835.14,3844.99,311
2026-05-08 14:00:00,3844.99,3848.43,3837.7,3843.14,169
2026-05-08 15:00:00,3843.14,3843.75,3836.6,3840.89,113
2026-05-08 16:00:00,3840.89,3845.18,3834.92,3838.52,80
2026-05-08 17:00:00,3838.52,3845.81,3835.53,3844.62,153
2026-05-08 18:00:00,3844.62,3846.88,3839.5,3846.19,356
2026-05-08 19:00:00,3846.19,3853.83,3843.47,3848.39,499
2026-05-08 20:00:00,3848.39,3852.11,3842.56,3846.86,316
2026-05-08 21:00:00,3846.86,3854.16,3844.29,3849.7,466
2026-05-08 22:00:00,3849.7,3854.43,3847.33,3849.49,174
2026-05-08 23:00:00,3849.49,3851.87,3848.72,3850.34,390
2026-05-11 00:00:00,3850.34,3861.49,3848.73,3857.51,496
2026-05-11 01:00:00,3857.51,3859.92,3854.88,3856.99,276
2026-05-11 02:00:00,3856.99,3859.95,3850.72,3855.99,76
2026-05-11 03:00:00,3855.99,3859.66,3853.72,3854.93,154
2026-05-11 04:00:00,3854.93,3859.91,3850.45,3856.67,154
2026-05-11 05:00:00,3856.67,3860.1,3855.78,3858.42,421
2026-05-11 06:00:00,3858.42,3859.91,3853.46,3856.08,360
2026-05-11 07:00:00,3856.08,3858.31,3854.15,3856.57,279
2026-05-11 08:00:00,3856.57,3864.01,3853.66,3859.2,234
2026-05-11 09:00:00,3859.2,3861.69,3857.32,3858.66,275
2026-05-11 10:00:00,3858.66,3861.33,3852.53,3853.81,456
2026-05-11 11:00:00,3853.81,3859.28,3849.5,3856.37,268
2026-05-11 12:00:00,3856.37,3865.58,3852.89,3860.47,128
2026-05-11 13:00:00,3860.47,3863.73,3853.73,3855.11,244
2026-05-11 14:00:00,3855.11,3857.49,3847.3,3850.83,86
2026-05-11 15:00:00,3850.83,3854.0,3846.76,3851.83,150
2026-05-11 16:00:00,3851.83,3853.85,3848.83,3853.29,421
2026-05-11 17:00:00,3853.29,3857.8,3850.77,3855.43,262
2026-05-11 18:00:00,3855.43,3867.68,3852.48,3865.31,378
2026-05-11 19:00:00,3865.31,3870.75,3860.56,3861.42,69
2026-05-11 20:00:00,3861.42,3868.64,3860.11,3863.48,440
2026-05-11 21:00:00,3863.48,3866.16,3861.6,3863.38,434
2026-05-11 22:00:00,3863.38,3866.32,3858.61,3862.55,406
2026-05-11 23:00:00,3862.55,3863.34,3855.42,3857.85,267
2026-05-12 00:00:00,3857.85,3858.52,3853.01,3857.58,373
2026-05-12 01:00:00,3857.58,3861.61,3853.97,3854.61,390
2026-05-12 02:00:00,3854.61,3857.39,3848.8,3852.71,180
2026-05-12 03:00:00,3852.71,3854.45,3846.86,3850.25,389
2026-05-12 04:00:00,3850.25,3854.94,3846.53,3850.59,246
2026-05-12 05:00:00,3850.59,3853.08,3846.63,3850.06,91
2026-05-12 06:00:00,3850.06,3852.67,3842.84,3847.49,179
2026-05-12 07:00:00,3847.49,3851.45,3844.19,3847.19,322
2026-05-12 08:00:00,3847.19,3849.23,3842.49,3845.05,498
2026-05-12 09:00:00,3845.05,3850.17,3836.9,3841.75,105
2026-05-12 10:00:00,3841.75,3843.97,3836.0,3837.21,433
2026-05-12 11:00:00,3837.21,3838.76,3827.74,3831.98,407
2026-05-12 12:00:00,3831.98,3836.56,3827.26,3827.77,85
2026-05-12 13:00:00,3827.77,3843.15,3825.18,3838.78,263
2026-05-12 14:00:00,3838.78,3840.13,3832.74,3835.11,410
2026-05-12 15:00:00,3835.11,3836.28,3826.81,3829.74,307
2026-05-12 16:00:00,3829.74,3838.46,3828.31,3833.89,80
2026-05-12 17:00:00,3833.89,3838.14,3827.95,3832.5,148
2026-05-12 18:00:00,3832.5,3835.04,3828.36,3831.99,369
2026-05-12 19:00:00,3831.99,3841.65,3828.31,3840.6,90
2026-05-12 20:00:00,3840.6,3842.48,3837.35,3839.56,349
2026-05-12 21:00:00,3839.56,3844.98,3836.63,3843.31,439
2026-05-12 22:00:00,3843.31,3848.71,3842.77,3844.45,348
2026-05-12 23:00:00,3844.45,3849.74,3843.74,3845.29,158
2026-05-13 00:00:00,3845.29,3848.8,3839.38,3844.81,439
2026-05-13 01:00:00,3844.81,3846.64,3841.81,3844.74,437
2026-05-13 02:00:00,3844.74,3847.09,3837.59,3842.54,211
2026-05-13 03:00:00,3842.54,3850.74,3837.34,3846.16,390
2026-05-13 04:00:00,3846.16,3851.54,3836.88,3841.75,462
2026-05-13 05:00:00,3841.75,3846.02,3838.97,3845.02,407
2026-05-13 06:00:00,3845.02,3850.15,3838.19,3838.82,112
2026-05-13 07:00:00,3838.82,3848.07,3836.92,3843.22,408
2026-05-13 08:00:00,3843.22,3846.01,3839.29,3843.25,495
2026-05-13 09:00:00,3843.25,3846.13,3837.66,3840.23,146
2026-05-13 10:00:00,3840.23,3851.14,3838.12,3845.93,374
2026-05-13 11:00:00,3845.93,3848.34,3845.2,3846.04,463
2026-05-13 12:00:00,3846.04,3847.71,3842.58,3845.5,428
2026-05-13 13:00:00,3845.5,3849.06,3838.59,3839.5,269
2026-05-13 14:00:00,3839.5,3851.22,3835.71,3848.34,408
2026-05-13 15:00:00,3848.34,3853.37,3840.61,3844.78,200
2026-05-13 16:00:00,3844.78,3849.63,3834.97,3839.85,451
2026-05-13 17:00:00,3839.85,3844.63,3832.89,3835.91,115
2026-05-13 18:00:00,3835.91,3840.57,3828.72,3834.2,497
2026-05-13 19:00:00,3834.2,3837.05,3829.22,3834.22,109
2026-05-13 20:00:00,3834.22,3835.94,3827.91,3829.26,387
2026-05-13 21:00:00,3829.26,3833.82,3828.23,3829.82,416
2026-05-13 22:00:00,3829.82,3841.0,3827.4,3838.87,193
2026-05-13 23:00:00,3838.87,3842.15,3837.08,3840.55,293
2026-05-14 00:00:00,3840.55,3850.07,3835.44,3846.24,374
2026-05-14 01:00:00,3846.24,3850.37,3843.5,3844.45,404
2026-05-14 02:00:00,3844.45,3847.83,3837.91,3843.03,83
2026-05-14 03:00:00,3843.03,3849.22,3840.64,3845.5,417
2026-05-14 04:00:00,3845.5,3849.27,3840.79,3845.22,488
2026-05-14 05:00:00,3845.22,3847.9,3837.13,3838.8,182
2026-05-14 06:00:00,3838.8,3841.03,3834.6,3840.08,146
2026-05-14 07:00:00,3840.08,3845.44,3839.0,3841.22,238
2026-05-14 08:00:00,3841.22,3846.04,3837.04,3843.64,209
2026-05-14 09:00:00,3843.64,3846.94,3840.46,3846.13,483
2026-05-14 10:00:00,3846.13,3850.49,3838.44,3842.93,457
2026-05-14 11:00:00,3842.93,3846.77,3839.11,3845.64,352
2026-05-14 12:00:00,3845.64,3849.53,3842.84,3846.34,124
2026-05-14 13:00:00,3846.34,3854.87,3844.36,3850.29,162
2026-05-14 14:00:00,3850.29,3853.8,3844.65,3845.88,390
2026-05-14 15:00:00,3845.88,3850.63,3841.24,3845.88,67
2026-05-14 16:00:00,3845.88,3851.33,3841.96,3843.08,484
2026-05-14 17:00:00,3843.08,3847.11,3838.19,3841.08,474
2026-05-14 18:00:00,3841.08,3847.12,3840.29,3841.79,464
2026-05-14 19:00:00,3841.79,3847.2,3837.15,3845.03,157
2026-05-14 20:00:00,3845.03,3852.06,3840.85,3850.43,493
2026-05-14 21:00:00,3850.43,3854.81,3838.03,3842.81,422
2026-05-14 22:00:00,3842.81,3846.61,3829.1,3833.84,61
2026-05-14 23:00:00,3833.84,3844.33,3831.65,3841.09,397
2026-05-15 00:00:00,3841.09,3843.55,3836.58,3837.44,422
2026-05-15 01:00:00,3837.44,3839.98,3833.46,3838.06,149
2026-05-15 02:00:00,3838.06,3839.05,3834.42,3836.54,455
2026-05-15 03:00:00,3836.54,3839.94,3827.21,3831.74,485
2026-05-15 04:00:00,3831.74,3838.63,3828.35,3834.86,276
2026-05-15 05:00:00,3834.86,3838.84,3831.54,3833.5,124
2026-05-15 06:00:00,3833.5,3836.79,3829.74,3835.31,235
2026-05-15 07:00:00,3835.31,3846.44,3831.93,3842.31,397
2026-05-15 08:00:00,3842.31,3846.44,3836.9,3844.06,397
2026-05-15 09:00:00,3844.06,3848.77,3831.22,3836.35,99
2026-05-15 10:00:00,3836.35,3841.58,3832.47,3833.56,313
2026-05-15 11:00:00,3833.56,3840.88,3830.09,3837.13,126
2026-05-15 12:00:00,3837.13,3837.8,3832.59,3834.29,300
2026-05-15 13:00:00,3834.29,3836.3,3827.9,3831.38,138
2026-05-15 14:00:00,3831.38,3835.34,3824.67,3829.15,387
2026-05-15 15:00:00,3829.15,3830.1,3823.15,3825.97,468
2026-05-15 16:00:00,3825.97,3829.74,3821.75,3824.09,111
2026-05-15 17:00:00,3824.09,3825.17,3820.38,3821.49,378
2026-05-15 18:00:00,3821.49,3822.11,3815.8,3819.16,343
2026-05-15 19:00:00,3819.16,3822.06,3811.02,3814.99,98
2026-05-15 20:00:00,3814.99,3818.61,3811.27,3815.69,272
2026-05-15 21:00:00,3815.69,3817.68,3812.13,3813.26,216
2026-05-15 22:00:00,3813.26,3825.81,3811.84,3821.33,466
2026-05-15 23:00:00,3821.33,3828.73,3818.86,3824.73,468
2026-05-18 00:00:00,3824.73,3827.67,3814.52,3817.61,349
2026-05-18 01:00:00,3817.61,3820.8,3811.36,3815.95,383
2026-05-18 02:00:00,3815.95,3826.04,3810.96,3820.71,142
2026-05-18 03:00:00,3820.71,3830.22,3816.73,3825.41,52
2026-05-18 04:00:00,3825.41,3826.53,3817.51,3818.65,155
2026-05-18 05:00:00,3818.65,3822.41,3815.29,3816.23,181
2026-05-18 06:00:00,3816.23,3822.27,3813.2,3816.87,236
2026-05-18 07:00:00,3816.87,3822.2,3814.65,3816.01,386
2026-05-18 08:00:00,3816.01,3824.62,3812.91,3819.39,450
2026-05-18 09:00:00,3819.39,3821.36,3816.22,3819.39,121
2026-05-18 10:00:00,3819.39,3822.5,3808.5,3813.93,230
2026-05-18 11:00:00,3813.93,3817.46,3808.01,3811.06,402
2026-05-18 12:00:00,3811.06,3818.77,3809.62,3817.08,203
2026-05-18 13:00:00,3817.08,3826.18,3815.5,3821.4,118
2026-05-18 14:00:00,3821.4,3823.7,3818.02,3819.16,368
2026-05-18 15:00:00,3819.16,3821.77,3814.24,3817.49,183
2026-05-18 16:00:00,3817.49,3819.99,3810.2,3811.12,180
2026-05-18 17:00:00,3811.12,3820.85,3805.92,3816.97,123
2026-05-18 18:00:00,3816.97,3821.13,3810.0,3815.48,406
2026-05-18 19:00:00,3815.48,3819.21,3811.07,3815.14,338
2026-05-18 20:00:00,3815.14,3818.66,3808.46,3811.06,128
2026-05-18 21:00:00,3811.06,3813.14,3800.43,3804.87,244
2026-05-18 22:00:00,3804.87,3811.13,3803.75,3810.24,106
2026-05-18 23:00:00,3810.24,3815.04,3807.71,3811.12,218
2026-05-19 00:00:00,3811.12,3813.29,3806.83,3808.7,494
2026-05-19 01:00:00,3808.7,3813.19,3803.9,3805.77,100
2026-05-19 02:00:00,3805.77,3808.16,3797.19,3798.22,113
2026-05-19 03:00:00,3798.22,3806.95,3794.08,3805.57,206
2026-05-19 04:00:00,3805.57,3806.55,3797.18,3799.42,342
2026-05-19 05:00:00,3799.42,3804.25,3792.32,3795.58,361
2026-05-19 06:00:00,3795.58,3798.69,3791.32,3796.6,142
2026-05-19 07:00:00,3796.6,3799.56,3792.39,3797.33,453
2026-05-19 08:00:00,3797.33,3802.08,3789.18,3792.06,115
2026-05-19 09:00:00,3792.06,3793.86,3787.07,3791.0,415
2026-05-19 10:00:00,3791.0,3794.55,3786.82,3792.16,77
2026-05-19 11:00:00,3792.16,3798.97,3788.46,3793.88,239
2026-05-19 12:00:00,3793.88,3797.42,3789.05,3793.08,143
2026-05-19 13:00:00,3793.08,3795.77,3787.89,3790.16,289
2026-05-19 14:00:00,3790.16,3792.8,3781.74,3786.95,466
2026-05-19 15:00:00,3786.95,3788.59,3783.22,3786.9,94
2026-05-19 16:00:00,3786.9,3792.83,3785.95,3790.77,90
2026-05-19 17:00:00,3790.77,3791.65,3787.75,3789.45,97
2026-05-19 18:00:00,3789.45,3794.37,3786.18,3790.15,302
2026-05-19 19:00:00,3790.15,3795.87,3789.6,3791.33,267
2026-05-19 20:00:00,3791.33,3792.51,3784.23,3787.22,400
2026-05-19 21:00:00,3787.22,3792.71,3773.95,3778.89,407
2026-05-19 22:00:00,3778.89,3780.81,3774.23,3779.36,53
2026-05-19 23:00:00,3779.36,3783.9,3775.35,3779.83,433
2026-05-20 00:00:00,3779.83,3783.64,3767.51,3772.61,500
2026-05-20 01:00:00,3772.61,3788.45,3768.69,3783.23,71
2026-05-20 02:00:00,3783.23,3787.1,3770.24,3775.15,318
2026-05-20 03:00:00,3775.15,3780.17,3767.32,3768.69,237
2026-05-20 04:00:00,3768.69,3776.51,3766.08,3771.25,244
2026-05-20 05:00:00,3771.25,3772.6,3761.84,3767.19,223
2026-05-20 06:00:00,3767.19,3772.99,3762.86,3769.79,110
2026-05-20 07:00:00,3769.79,3771.74,3765.31,3768.23,185
2026-05-20 08:00:00,3768.23,3773.08,3766.64,3769.74,206
2026-05-20 09:00:00,3769.74,3781.26,3764.44,3776.11,313
2026-05-20 10:00:00,3776.11,3779.42,3772.52,3776.6,299
2026-05-20 11:00:00,3776.6,3777.39,3775.11,3775.64,285
2026-05-20 12:00:00,3775.64,3776.17,3768.92,3773.87,145
2026-05-20 13:00:00,3773.87,3779.67,3773.33,3777.16,270
2026-05-20 14:00:00,3777.16,3780.23,3774.21,3775.48,113
2026-05-20 15:00:00,3775.48,3780.63,3774.95,3775.56,443
2026-05-20 16:00:00,3775.56,3778.04,3771.97,3773.97,269
2026-05-20 17:00:00,3773.97,3778.93,3768.4,3771.58,187
2026-05-20 18:00:00,3771.58,3779.61,3770.27,3774.91,231
2026-05-20 19:00:00,3774.91,3781.86,3774.38,3777.62,495
2026-05-20 20:00:00,3777.62,3779.54,3775.96,3777.13,265
2026-05-20 21:00:00,3777.13,3781.35,3770.26,3775.26,132
2026-05-20 22:00:00,3775.26,3780.56,3764.96,3770.37,110
2026-05-20 23:00:00,3770.37,3772.98,3758.7,3761.95,459
2026-05-21 00:00:00,3761.95,3766.21,3756.68,3761.08,254
2026-05-21 01:00:00,3761.08,3764.09,3754.06,3759.18,481
2026-05-21 02:00:00,3759.18,3765.44,3754.72,3760.15,114
2026-05-21 03:00:00,3760.15,3761.43,3755.26,3758.26,442
2026-05-21 04:00:00,3758.26,3762.91,3755.09,3757.74,355
2026-05-21 05:00:00,3757.74,3761.93,3753.87,3756.54,198
2026-05-21 06:00:00,3756.54,3759.18,3752.62,3756.21,423
2026-05-21 07:00:00,3756.21,3760.9,3754.46,3757.84,442
2026-05-21 08:00:00,3757.84,3764.19,3754.01,3760.19,269
2026-05-21 09:00:00,3760.19,3763.75,3756.16,3762.26,464
2026-05-21 10:00:00,3762.26,3770.99,3760.82,3767.43,487
2026-05-21 11:00:00,3767.43,3774.8,3763.76,3771.34,167
2026-05-21 12:00:00,3771.34,3776.16,3769.88,3774.29,124
2026-05-21 13:00:00,3774.29,3779.7,3770.71,3777.07,96
2026-05-21 14:00:00,3777.07,3782.77,3773.07,3779.65,168
2026-05-21 15:00:00,3779.65,3781.26,3774.07,3776.7,81
2026-05-21 16:00:00,3776.7,3778.72,3769.11,3770.96,193
2026-05-21 17:00:00,3770.96,3776.17,3766.54,3770.6,176
2026-05-21 18:00:00,3770.6,3771.3,3769.31,3770.07,431
2026-05-21 19:00:00,3770.07,3773.31,3768.14,3771.2,193
2026-05-21 20:00:00,3771.2,3774.17,3765.96,3772.75,236
2026-05-21 21:00:00,3772.75,3774.92,3770.69,3771.75,392
2026-05-21 22:00:00,3771.75,3781.61,3769.59,3776.8,429
2026-05-21 23:00:00,3776.8,3781.78,3772.59,3777.23,351
2026-05-22 00:00:00,3777.23,3780.98,3771.89,3773.44,246
2026-05-22 01:00:00,3773.44,3774.38,3771.71,3772.74,372
2026-05-22 02:00:00,3772.74,3776.17,3767.59,3772.65,385
2026-05-22 03:00:00,3772.65,3777.24,3769.17,3770.63,278
2026-05-22 04:00:00,3770.63,3775.27,3768.42,3772.04,421
2026-05-22 05:00:00,3772.04,3774.91,3767.03,3771.33,323
2026-05-22 06:00:00,3771.33,3772.79,3767.86,3771.11,179
2026-05-22 07:00:00,3771.11,3776.07,3765.63,3769.93,483
2026-05-22 08:00:00,3769.93,3783.96,3767.19,3778.99,417
2026-05-22 09:00:00,3778.99,3780.08,3770.3,3772.98,297
2026-05-22 10:00:00,3772.98,3776.0,3764.29,3764.9,356
2026-05-22 11:00:00,3764.9,3771.28,3759.56,3769.41,198
2026-05-22 12:00:00,3769.41,3778.84,3765.44,3774.37,429
2026-05-22 13:00:00,3774.37,3780.4,3771.39,3775.83,322
2026-05-22 14:00:00,3775.83,3784.48,3771.58,3783.15,246
2026-05-22 15:00:00,3783.15,3786.46,3772.93,3775.38,360
2026-05-22 16:00:00,3775.38,3776.68,3773.45,3775.04,406
2026-05-22 17:00:00,3775.04,3778.11,3769.9,3777.57,312
2026-05-22 18:00:00,3777.57,3780.7,3769.52,3771.54,162
2026-05-22 19:00:00,3771.54,3775.25,3769.7,3773.27,110
2026-05-22 20:00:00,3773.27,3775.54,3772.57,3773.85,125
2026-05-22 21:00:00,3773.85,3780.14,3771.96,3774.93,118
2026-05-22 22:00:00,3774.93,3778.64,3772.27,3774.02,471
2026-05-22 23:00:00,3774.02,3782.59,3772.94,3781.04,382
2026-05-25 00:00:00,3781.04,3783.39,3776.99,3777.91,411
2026-05-25 01:00:00,3777.91,3787.29,3776.09,3782.37,118
2026-05-25 02:00:00,3782.37,3784.49,3776.97,3777.76,467
2026-05-25 03:00:00,3777.76,3781.31,3775.48,3780.76,424
2026-05-25 04:00:00,3780.76,3788.56,3777.57,3783.2,494
2026-05-25 05:00:00,3783.2,3787.59,3778.26,3782.66,104
2026-05-25 06:00:00,3782.66,3787.89,3779.82,3781.61,370
2026-05-25 07:00:00,3781.61,3785.28,3772.34,3775.59,468
2026-05-25 08:00:00,3775.59,3777.11,3768.63,3772.28,489
2026-05-25 09:00:00,3772.28,3777.8,3771.0,3773.54,168
2026-05-25 10:00:00,3773.54,3774.78,3770.1,3773.0,303
2026-05-25 11:00:00,3773.0,3774.41,3767.34,3768.77,491
2026-05-25 12:00:00,3768.77,3776.32,3767.37,3771.1,194
2026-05-25 13:00:00,3771.1,3776.35,3769.79,3775.74,140
2026-05-25 14:00:00,3775.74,3779.69,3774.52,3778.25,268
2026-05-25 15:00:00,3778.25,3779.98,3767.64,3772.69,256
2026-05-25 16:00:00,3772.69,3780.77,3768.15,3776.64,358
2026-05-25 17:00:00,3776.64,3780.52,3774.22,3779.52,106
2026-05-25 18:00:00,3779.52,3786.38,3778.8,3782.66,177
2026-05-25 19:00:00,3782.66,3787.01,3774.8,3776.64,371
2026-05-25 20:00:00,3776.64,3777.19,3766.43,3770.89,327
2026-05-25 21:00:00,3770.89,3775.07,3764.54,3766.73,412
2026-05-25 22:00:00,3766.73,3772.92,3761.77,3768.62,467
2026-05-25 23:00:00,3768.62,3771.05,3766.46,3769.73,129
2026-05-26 00:00:00,3769.73,3771.76,3766.51,3769.92,60
2026-05-26 01:00:00,3769.92,3779.55,3768.91,3774.93,201
2026-05-26 02:00:00,3774.93,3784.18,3774.42,3781.6,164
2026-05-26 03:00:00,3781.6,3787.23,3778.96,3786.61,125
2026-05-26 04:00:00,3786.61,3791.72,3780.7,3784.62,401
2026-05-26 05:00:00,3784.62,3792.16,3780.01,3787.24,107
2026-05-26 06:00:00,3787.24,3788.86,3769.73,3775.01,194
2026-05-26 07:00:00,3775.01,3777.93,3771.43,3775.64,110
2026-05-26 08:00:00,3775.64,3776.56,3769.1,3769.82,127
2026-05-26 09:00:00,3769.82,3778.2,3766.67,3776.81,357
2026-05-26 10:00:00,3776.81,3783.54,3772.87,3778.57,369
2026-05-26 11:00:00,3778.57,3786.98,3776.33,3782.39,103
2026-05-26 12:00:00,3782.39,3784.74,3779.94,3781.77,414
2026-05-26 13:00:00,3781.77,3790.92,3777.33,3786.43,491
2026-05-26 14:00:00,3786.43,3792.28,3784.33,3788.5,249
2026-05-26 15:00:00,3788.5,3791.23,3783.09,3787.57,294
2026-05-26 16:00:00,3787.57,3790.98,3783.44,3788.34,124
2026-05-26 17:00:00,3788.34,3789.29,3781.07,3786.54,143
2026-05-26 18:00:00,3786.54,3789.92,3783.63,3786.95,261
2026-05-26 19:00:00,3786.95,3790.46,3779.56,3783.24,120
2026-05-26 20:00:00,3783.24,3786.85,3780.65,3785.12,304
2026-05-26 21:00:00,3785.12,3788.31,3776.64,3779.6,324
2026-05-26 22:00:00,3779.6,3784.71,3776.99,3781.31,345
2026-05-26 23:00:00,3781.31,3785.69,3773.2,3777.76,162
2026-05-27 00:00:00,3777.76,3778.27,3771.44,3776.91,58
2026-05-27 01:00:00,3776.91,3779.22,3771.24,3774.11,118
2026-05-27 02:00:00,3774.11,3777.59,3769.37,3775.34,493
2026-05-27 03:00:00,3775.34,3779.73,3773.47,3774.67,285
2026-05-27 04:00:00,3774.67,3784.87,3769.61,3779.51,174
2026-05-27 05:00:00,3779.51,3787.23,3777.89,3785.68,432
2026-05-27 06:00:00,3785.68,3796.33,3783.29,3792.31,63
2026-05-27 07:00:00,3792.31,3804.08,3789.69,3800.1,77
2026-05-27 08:00:00,3800.1,3800.97,3793.64,3798.33,495
2026-05-27 09:00:00,3798.33,3799.62,3791.48,3792.71,122
2026-05-27 10:00:00,3792.71,3797.47,3788.14,3794.12,126
2026-05-27 11:00:00,3794.12,3799.21,3791.27,3794.88,121
2026-05-27 12:00:00,3794.88,3796.88,3792.25,3794.81,222
2026-05-27 13:00:00,3794.81,3797.53,3784.9,3788.62,56
2026-05-27 14:00:00,3788.62,3793.53,3787.43,3788.09,434
2026-05-27 15:00:00,3788.09,3791.73,3786.79,3790.36,252
2026-05-27 16:00:00,3790.36,3798.24,3787.09,3793.36,474
2026-05-27 17:00:00,3793.36,3795.15,3784.76,3788.12,206
2026-05-27 18:00:00,3788.12,3789.4,3781.69,3787.06,317
2026-05-27 19:00:00,3787.06,3789.45,3777.74,3783.0,430
2026-05-27 20:00:00,3783.0,3785.91,3781.58,3784.32,431
2026-05-27 21:00:00,3784.32,3795.1,3780.79,3789.72,89
2026-05-27 22:00:00,3789.72,3793.62,3786.01,3791.55,473
2026-05-27 23:00:00,3791.55,3793.95,3786.67,3787.44,240
2026-05-28 00:00:00,3787.44,3788.48,3784.96,3785.85,358
2026-05-28 01:00:00,3785.85,3790.24,3781.57,3783.75,172
2026-05-28 02:00:00,3783.75,3784.58,3779.26,3782.75,437
2026-05-28 03:00:00,3782.75,3792.69,3781.31,3787.64,153
2026-05-28 04:00:00,3787.64,3789.49,3781.6,3786.98,339
2026-05-28 05:00:00,3786.98,3787.7,3780.77,3786.2,297
2026-05-28 06:00:00,3786.2,3794.75,3785.66,3789.53,232
2026-05-28 07:00:00,3789.53,3794.77,3784.24,3790.51,306
2026-05-28 08:00:00,3790.51,3796.91,3785.14,3792.78,409
2026-05-28 09:00:00,3792.78,3802.93,3790.62,3799.06,429
2026-05-28 10:00:00,3799.06,3803.44,3793.72,3794.34,457
2026-05-28 11:00:00,3794.34,3796.75,3790.8,3794.23,486
2026-05-28 12:00:00,3794.23,3800.45,3793.34,3796.54,370
2026-05-28 13:00:00,3796.54,3798.06,3792.45,3797.09,160
2026-05-28 14:00:00,3797.09,3803.49,3795.78,3799.15,306
2026-05-28 15:00:00,3799.15,3802.23,3789.56,3793.7,383
2026-05-28 16:00:00,3793.7,3796.44,3785.77,3786.93,198
2026-05-28 17:00:00,3786.93,3789.23,3781.15,3785.93,270
2026-05-28 18:00:00,3785.93,3795.96,3784.23,3792.05,362
2026-05-28 19:00:00,3792.05,3797.15,3786.76,3793.62,340
2026-05-28 20:00:00,3793.62,3798.14,3789.15,3790.36,495
2026-05-28 21:00:00,3790.36,3792.41,3782.14,3786.98,458
2026-05-28 22:00:00,3786.98,3788.29,3784.91,3787.32,201
2026-05-28 23:00:00,3787.32,3788.63,3783.74,3785.64,236
2026-05-29 00:00:00,3785.64,3789.69,3781.91,3784.71,292
2026-05-29 01:00:00,3784.71,3791.32,3780.39,3785.93,276
2026-05-29 02:00:00,3785.93,3787.05,3781.3,3784.64,70
2026-05-29 03:00:00,3784.64,3786.96,3780.93,3782.86,259
2026-05-29 04:00:00,3782.86,3789.56,3780.53,3788.42,482
2026-05-29 05:00:00,3788.42,3792.04,3779.37,3781.44,92
2026-05-29 06:00:00,3781.44,3783.25,3774.6,3779.48,399
2026-05-29 07:00:00,3779.48,3780.19,3769.76,3775.15,79
2026-05-29 08:00:00,3775.15,3779.76,3774.44,3774.98,486
2026-05-29 09:00:00,3774.98,3776.01,3769.61,3771.99,341
2026-05-29 10:00:00,3771.99,3774.43,3767.92,3770.73,97
2026-05-29 11:00:00,3770.73,3773.89,3767.89,3771.65,323
2026-05-29 12:00:00,3771.65,3776.2,3767.49,3775.27,253
2026-05-29 13:00:00,3775.27,3779.61,3771.14,3772.64,218
2026-05-29 14:00:00,3772.64,3779.53,3771.08,3776.01,429
2026-05-29 15:00:00,3776.01,3780.33,3774.12,3777.45,69
2026-05-29 16:00:00,3777.45,3778.68,3766.52,3768.09,340
2026-05-29 17:00:00,3768.09,3768.75,3761.86,3765.37,244
2026-05-29 18:00:00,3765.37,3776.54,3759.98,3772.09,159
2026-05-29 19:00:00,3772.09,3775.64,3767.25,3774.87,438
2026-05-29 20:00:00,3774.87,3778.55,3772.67,3773.59,85
2026-05-29 21:00:00,3773.59,3775.46,3769.78,3770.69,497
2026-05-29 22:00:00,3770.69,3773.81,3764.93,3768.78,182
2026-05-29 23:00:00,3768.78,3770.2,3760.14,3760.91,269
2026-06-01 00:00:00,3760.91,3762.23,3755.0,3757.25,264
2026-06-01 01:00:00,3757.25,3765.76,3754.07,3762.85,451
2026-06-01 02:00:00,3762.85,3768.41,3758.89,3766.14,249
2026-06-01 03:00:00,3766.14,3775.99,3762.84,3771.37,355
2026-06-01 04:00:00,3771.37,3776.79,3770.15,3773.4,390
2026-06-01 05:00:00,3773.4,3784.91,3768.21,3779.48,430
2026-06-01 06:00:00,3779.48,3783.01,3774.5,3782.44,125
2026-06-01 07:00:00,3782.44,3785.44,3774.57,3776.65,455
2026-06-01 08:00:00,3776.65,3783.76,3776.13,3780.66,280
2026-06-01 09:00:00,3780.66,3785.88,3775.1,3779.89,374
2026-06-01 10:00:00,3779.89,3780.88,3768.27,3769.86,146
2026-06-01 11:00:00,3769.86,3775.77,3766.63,3773.17,135
2026-06-01 12:00:00,3773.17,3774.72,3769.46,3770.92,397
2026-06-01 13:00:00,3770.92,3774.3,3768.7,3769.27,466
2026-06-01 14:00:00,3769.27,3771.3,3762.45,3767.05,113
2026-06-01 15:00:00,3767.05,3773.61,3763.31,3769.61,283
2026-06-01 16:00:00,3769.61,3774.25,3763.79,3766.42,441
2026-06-01 17:00:00,3766.42,3770.51,3761.29,3768.33,284
2026-06-01 18:00:00,3768.33,3771.8,3762.87,3766.08,245
2026-06-01 19:00:00,3766.08,3769.1,3762.28,3767.17,398
2026-06-01 20:00:00,3767.17,3770.77,3759.02,3764.15,488
2026-06-01 21:00:00,3764.15,3766.4,3763.21,3765.4,478
2026-06-01 22:00:00,3765.4,3773.58,3762.84,3770.0,304
2026-06-01 23:00:00,3770.0,3777.77,3766.38,3773.52,328
2026-06-02 00:00:00,3773.52,3780.44,3772.86,3777.03,198
2026-06-02 01:00:00,3777.03,3784.33,3775.47,3779.57,447
2026-06-02 02:00:00,3779.57,3781.05,3772.96,3775.81,113
2026-06-02 03:00:00,3775.81,3779.16,3771.34,3776.91,287
2026-06-02 04:00:00,3776.91,3780.93,3766.37,3770.58,53
2026-06-02 05:00:00,3770.58,3779.64,3766.17,3774.44,309
2026-06-02 06:00:00,3774.44,3776.26,3768.03,3772.72,457
2026-06-02 07:00:00,3772.72,3785.82,3768.85,3780.77,52
2026-06-02 08:00:00,3780.77,3784.7,3779.5,3784.12,241
2026-06-02 09:00:00,3784.12,3788.82,3778.6,3781.69,429
2026-06-02 10:00:00,3781.69,3786.99,3773.31,3778.77,173
2026-06-02 11:00:00,3778.77,3782.05,3774.19,3776.65,365
2026-06-02 12:00:00,3776.65,3781.16,3768.63,3772.02,115
2026-06-02 13:00:00,3772.02,3777.22,3763.65,3766.1,422
2026-06-02 14:00:00,3766.1,3773.18,3763.41,3770.09,100
2026-06-02 15:00:00,3770.09,3781.83,3768.96,3777.78,110
2026-06-02 16:00:00,3777.78,3782.5,3769.39,3773.03,183
2026-06-02 17:00:00,3773.03,3777.72,3766.58,3767.88,215
2026-06-02 18:00:00,3767.88,3771.08,3764.24,3768.39,353
2026-06-02 19:00:00,3768.39,3771.36,3764.8,3770.09,328
2026-06-02 20:00:00,3770.09,3773.92,3765.88,3771.51,116
2026-06-02 21:00:00,3771.51,3776.93,3767.06,3770.73,448
2026-06-02 22:00:00,3770.73,3775.72,3766.89,3768.87,324
2026-06-02 23:00:00,3768.87,3775.87,3764.74,3771.17,463
2026-06-03 00:00:00,3771.17,3776.51,3769.3,3772.71,123
2026-06-03 01:00:00,3772.71,3776.35,3762.33,3766.02,346
2026-06-03 02:00:00,3766.02,3772.46,3764.91,3767.32,122
2026-06-03 03:00:00,3767.32,3769.23,3760.91,3765.88,97
2026-06-03 04:00:00,3765.88,3777.76,3764.34,3772.7,101
2026-06-03 05:00:00,3772.7,3779.27,3772.09,3776.31,87
2026-06-03 06:00:00,3776.31,3777.86,3768.12,3770.72,210
2026-06-03 07:00:00,3770.72,3774.86,3767.97,3771.19,132
2026-06-03 08:00:00,3771.19,3772.82,3767.85,3771.43,360
2026-06-03 09:00:00,3771.43,3776.72,3770.34,3771.95,225
2026-06-03 10:00:00,3771.95,3780.12,3768.72,3776.55,131
2026-06-03 11:00:00,3776.55,3779.66,3774.6,3776.37,112
2026-06-03 12:00:00,3776.37,3777.33,3773.31,3776.71,128
2026-06-03 13:00:00,3776.71,3779.21,3774.39,3777.63,161
2026-06-03 14:00:00,3777.63,3780.7,3773.67,3779.78,114
2026-06-03 15:00:00,3779.78,3782.02,3776.87,3780.18,97
2026-06-03 16:00:00,3780.18,3782.15,3773.01,3777.24,303
2026-06-03 17:00:00,3777.24,3784.04,3772.01,3781.36,148
2026-06-03 18:00:00,3781.36,3786.09,3777.27,3781.36,251
2026-06-03 19:00:00,3781.36,3785.03,3776.89,3784.02,350
2026-06-03 20:00:00,3784.02,3789.29,3778.4,3781.34,278
2026-06-03 21:00:00,3781.34,3790.55,3777.1,3787.93,467
2026-06-03 22:00:00,3787.93,3790.35,3785.63,3787.13,230
2026-06-03 23:00:00,3787.13,3791.23,3783.47,3788.86,82
2026-06-04 00:00:00,3788.86,3794.15,3779.12,3780.89,259
2026-06-04 01:00:00,3780.89,3785.48,3776.26,3783.51,380
2026-06-04 02:00:00,3783.51,3790.68,3782.44,3788.19,464
2026-06-04 03:00:00,3788.19,3790.3,3782.23,3786.68,233
2026-06-04 04:00:00,3786.68,3789.12,3785.45,3786.76,210
2026-06-04 05:00:00,3786.76,3790.65,3784.67,3789.54,55
2026-06-04 06:00:00,3789.54,3792.88,3786.86,3788.97,169
2026-06-04 07:00:00,3788.97,3792.28,3783.83,3786.26,358
2026-06-04 08:00:00,3786.26,3790.22,3782.18,3786.92,463
2026-06-04 09:00:00,3786.92,3794.44,3786.05,3789.64,380
2026-06-04 10:00:00,3789.64,3791.73,3781.62,3783.72,150
2026-06-04 11:00:00,3783.72,3787.64,3780.75,3786.89,73
2026-06-04 12:00:00,3786.89,3792.19,3785.53,3791.07,217
2026-06-04 13:00:00,3791.07,3794.53,3789.13,3790.81,60
2026-06-04 14:00:00,3790.81,3795.59,3784.12,3789.56,286
2026-06-04 15:00:00,3789.56,3797.09,3784.85,3795.17,256
2026-06-04 16:00:00,3795.17,3803.12,3792.98,3799.98,58
2026-06-04 17:00:00,3799.98,3801.97,3799.0,3801.12,460
2026-06-04 18:00:00,3801.12,3803.21,3795.98,3798.21,90
2026-06-04 19:00:00,3798.21,3803.21,3796.14,3799.93,363
2026-06-04 20:00:00,3799.93,3808.57,3796.96,3803.15,378
2026-06-04 21:00:00,3803.15,3809.47,3802.04,3804.13,241
2026-06-04 22:00:00,3804.13,3807.47,3799.5,3805.85,121
2026-06-04 23:00:00,3805.85,3806.88,3803.03,3805.14,402
2026-06-05 00:00:00,3805.14,3806.08,3800.56,3804.68,465
2026-06-05 01:00:00,3804.68,3807.02,3796.84,3801.85,52
2026-06-05 02:00:00,3801.85,3811.02,3797.43,3809.22,106
2026-06-05 03:00:00,3809.22,3809.96,3803.96,3805.98,185
2026-06-05 04:00:00,3805.98,3810.54,3801.5,3803.35,137
2026-06-05 05:00:00,3803.35,3813.31,3799.93,3808.19,111
2026-06-05 06:00:00,3808.19,3818.04,3803.25,3813.77,261
2026-06-05 07:00:00,3813.77,3823.12,3809.93,3819.44,317
2026-06-05 08:00:00,3819.44,3823.25,3808.89,3814.27,214
2026-06-05 09:00:00,3814.27,3818.63,3810.45,3813.36,97
2026-06-05 10:00:00,3813.36,3814.27,3809.78,3813.07,496
2026-06-05 11:00:00,3813.07,3818.12,3809.33,3816.41,488
2026-06-05 12:00:00,3816.41,3822.21,3815.61,3816.85,56
2026-06-05 13:00:00,3816.85,3822.25,3814.01,3818.4,247
2026-06-05 14:00:00,3818.4,3820.65,3814.95,3819.11,320
2026-06-05 15:00:00,3819.11,3823.92,3817.04,3820.85,209
2026-06-05 16:00:00,3820.85,3825.59,3818.32,3819.35,116
2026-06-05 17:00:00,3819.35,3820.94,3811.39,3813.71,281
2026-06-05 18:00:00,3813.71,3821.35,3812.27,3816.95,192
2026-06-05 19:00:00,3816.95,3819.57,3809.48,3813.41,495
2026-06-05 20:00:00,3813.41,3816.21,3810.73,3811.77,106
2026-06-05 21:00:00,3811.77,3813.47,3805.93,3810.9,145
2026-06-05 22:00:00,3810.9,3814.05,3808.16,3810.42,110
2026-06-05 23:00:00,3810.42,3820.07,3809.5,3814.94,270
2026-06-08 00:00:00,3814.94,3818.54,3812.77,3815.89,275
2026-06-08 01:00:00,3815.89,3821.66,3814.9,3819.8,382
2026-06-08 02:00:00,3819.8,3821.27,3811.56,3813.01,140
2026-06-08 03:00:00,3813.01,3822.65,3809.86,3819.18,302
2026-06-08 04:00:00,3819.18,3819.93,3815.53,3817.27,106
2026-06-08 05:00:00,3817.27,3818.87,3816.28,3817.05,68
2026-06-08 06:00:00,3817.05,3820.21,3812.54,3814.42,367
2026-06-08 07:00:00,3814.42,3818.42,3810.55,3813.07,251
2026-06-08 08:00:00,3813.07,3823.2,3811.23,3818.3,155
2026-06-08 09:00:00,3818.3,3823.53,3816.78,3822.17,376
2026-06-08 10:00:00,3822.17,3826.34,3819.93,3820.9,307
2026-06-08 11:00:00,3820.9,3831.17,3817.29,3826.13,428
2026-06-08 12:00:00,3826.13,3827.82,3821.08,3823.16,85
2026-06-08 13:00:00,3823.16,3832.68,3821.0,3831.35,283
2026-06-08 14:00:00,3831.35,3834.62,3829.18,3831.75,140
2026-06-08 15:00:00,3831.75,3837.62,3826.84,3832.25,137
2026-06-08 16:00:00,3832.25,3835.72,3823.53,3828.88,348
2026-06-08 17:00:00,3828.88,3829.39,3816.94,3821.81,291
2026-06-08 18:00:00,3821.81,3830.87,3816.36,3827.53,477
2026-06-08 19:00:00,3827.53,3833.86,3824.51,3832.22,436
2026-06-08 20:00:00,3832.22,3835.31,3828.04,3833.29,281
2026-06-08 21:00:00,3833.29,3837.65,3831.04,3834.7,329
2026-06-08 22:00:00,3834.7,3837.02,3833.92,3834.49,230
2026-06-08 23:00:00,3834.49,3841.11,3832.32,3839.1,315
2026-06-09 00:00:00,3839.1,3845.32,3835.62,3840.31,107
2026-06-09 01:00:00,3840.31,3842.16,3829.42,3832.52,377
2026-06-09 02:00:00,3832.52,3848.3,3828.72,3843.52,122
2026-06-09 03:00:00,3843.52,3847.25,3842.87,3844.96,345
2026-06-09 04:00:00,3844.96,3847.26,3840.13,3844.35,149
2026-06-09 05:00:00,3844.35,3849.45,3831.21,3833.6,105
2026-06-09 06:00:00,3833.6,3845.49,3828.6,3841.6,280
2026-06-09 07:00:00,3841.6,3847.04,3834.96,3839.84,139
2026-06-09 08:00:00,3839.84,3844.78,3836.8,3839.26,263
2026-06-09 09:00:00,3839.26,3850.49,3837.38,3845.26,147
2026-06-09 10:00:00,3845.26,3852.17,3841.7,3849.95,271
2026-06-09 11:00:00,3849.95,3855.67,3846.62,3851.19,455
2026-06-09 12:00:00,3851.19,3857.41,3848.2,3852.06,400
2026-06-09 13:00:00,3852.06,3853.3,3844.98,3848.88,317
2026-06-09 14:00:00,3848.88,3858.17,3846.86,3854.35,197
2026-06-09 15:00:00,3854.35,3855.17,3851.22,3853.19,282
2026-06-09 16:00:00,3853.19,3859.82,3852.42,3856.35,206
2026-06-09 17:00:00,3856.35,3857.71,3854.09,3857.18,477
2026-06-09 18:00:00,3857.18,3862.47,3855.26,3860.22,489
2026-06-09 19:00:00,3860.22,3863.24,3854.93,3860.23,337
2026-06-09 20:00:00,3860.23,3863.03,3854.75,3861.18,150
2026-06-09 21:00:00,3861.18,3865.24,3856.09,3862.58,198
2026-06-09 22:00:00,3862.58,3865.73,3858.02,3863.46,376
2026-06-09 23:00:00,3863.46,3870.33,3860.96,3867.9,100
2026-06-10 00:00:00,3867.9,3878.43,3866.53,3874.94,273
2026-06-10 01:00:00,3874.94,3878.83,3867.23,3869.34,346
2026-06-10 02:00:00,3869.34,3875.47,3866.76,3873.72,152
2026-06-10 03:00:00,3873.72,3880.97,3872.79,3878.96,340
2026-06-10 04:00:00,3878.96,3884.37,3874.55,3882.95,476
2026-06-10 05:00:00,3882.95,3885.63,3879.79,3880.98,276
2026-06-10 06:00:00,3880.98,3884.91,3877.06,3879.35,231
2026-06-10 07:00:00,3879.35,3881.99,3872.3,3874.9,260
2026-06-10 08:00:00,3874.9,3875.53,3862.0,3866.33,95
2026-06-10 09:00:00,3866.33,3872.74,3862.75,3868.46,204
2026-06-10 10:00:00,3868.46,3872.03,3864.86,3869.66,339
2026-06-10 11:00:00,3869.66,3874.55,3863.76,3864.53,482
2026-06-10 12:00:00,3864.53,3865.06,3856.82,3861.36,497
2026-06-10 13:00:00,3861.36,3866.99,3856.66,3863.9,93
2026-06-10 14:00:00,3863.9,3874.74,3861.73,3870.99,99
2026-06-10 15:00:00,3870.99,3878.14,3867.66,3873.53,403
2026-06-10 16:00:00,3873.53,3877.73,3868.97,3872.84,428
2026-06-10 17:00:00,3872.84,3878.16,3868.83,3874.08,314
2026-06-10 18:00:00,3874.08,3881.11,3872.46,3878.13,395
2026-06-10 19:00:00,3878.13,3887.0,3876.86,3883.3,371
2026-06-10 20:00:00,3883.3,3883.83,3875.89,3878.81,402
2026-06-10 21:00:00,3878.81,3891.47,3877.97,3889.97,128
2026-06-10 22:00:00,3889.97,3890.95,3886.84,3888.36,292
2026-06-10 23:00:00,3888.36,3888.98,3884.1,3887.13,250
2026-06-11 00:00:00,3887.13,3891.57,3881.72,3889.05,469
2026-06-11 01:00:00,3889.05,3891.42,3884.31,3889.75,183
2026-06-11 02:00:00,3889.75,3897.18,3886.16,3892.38,271
2026-06-11 03:00:00,3892.38,3893.61,3886.32,3886.93,122
2026-06-11 04:00:00,3886.93,3890.72,3882.72,3889.37,329
2026-06-11 05:00:00,3889.37,3890.87,3881.15,3884.05,198
2026-06-11 06:00:00,3884.05,3887.01,3875.2,3879.04,250
2026-06-11 07:00:00,3879.04,3881.47,3865.75,3870.25,287
2026-06-11 08:00:00,3870.25,3870.89,3863.81,3866.6,338
2026-06-11 09:00:00,3866.6,3871.15,3863.2,3868.7,67
2026-06-11 10:00:00,3868.7,3872.3,3862.81,3863.52,231
2026-06-11 11:00:00,3863.52,3868.83,3853.99,3856.83,420
2026-06-11 12:00:00,3856.83,3858.12,3853.31,3856.31,490
2026-06-11 13:00:00,3856.31,3859.47,3854.07,3856.45,411
2026-06-11 14:00:00,3856.45,3857.82,3850.45,3851.71,385
2026-06-11 15:00:00,3851.71,3855.81,3848.76,3850.96,416
2026-06-11 16:00:00,3850.96,3856.77,3847.17,3852.35,251
2026-06-11 17:00:00,3852.35,3853.19,3845.95,3850.65,297
2026-06-11 18:00:00,3850.65,3854.44,3844.04,3847.42,309
2026-06-11 19:00:00,3847.42,3854.96,3844.29,3850.58,116
2026-06-11 20:00:00,3850.58,3853.98,3845.44,3848.86,474
2026-06-11 21:00:00,3848.86,3851.38,3843.09,3843.81,486
2026-06-11 22:00:00,3843.81,3847.64,3840.5,3843.5,397
2026-06-11 23:00:00,3843.5,3846.38,3836.31,3840.61,445
2026-06-12 00:00:00,3840.61,3844.63,3835.61,3842.95,139
2026-06-12 01:00:00,3842.95,3847.09,3834.47,3836.89,265
2026-06-12 02:00:00,3836.89,3839.9,3836.2,3838.15,433
2026-06-12 03:00:00,3838.15,3839.01,3833.16,3837.48,360
2026-06-12 04:00:00,3837.48,3838.85,3835.78,3836.82,280
2026-06-12 05:00:00,3836.82,3839.21,3830.66,3836.1,343
2026-06-12 06:00:00,3836.1,3839.06,3829.73,3833.62,165
2026-06-12 07:00:00,3833.62,3835.13,3831.39,3832.7,466
2026-06-12 08:00:00,3832.7,3833.63,3825.13,3825.75,392
2026-06-12 09:00:00,3825.75,3826.73,3823.82,3824.49,121
2026-06-12 10:00:00,3824.49,3829.99,3821.26,3827.45,86
2026-06-12 11:00:00,3827.45,3829.65,3821.19,3825.1,422
2026-06-12 12:00:00,3825.1,3829.76,3818.82,3822.17,292
2026-06-12 13:00:00,3822.17,3825.17,3816.24,3818.52,336
2026-06-12 14:00:00,3818.52,3825.56,3814.89,3822.87,497
2026-06-12 15:00:00,3822.87,3823.72,3816.25,3817.14,450
2026-06-12 16:00:00,3817.14,3820.13,3814.55,3815.31,326
2026-06-12 17:00:00,3815.31,3817.46,3813.49,3815.11,198
2026-06-12 18:00:00,3815.11,3821.82,3814.27,3817.8,496
2026-06-12 19:00:00,3817.8,3819.09,3814.43,3816.37,323
2026-06-12 20:00:00,3816.37,3821.53,3806.4,3809.4,254
2026-06-12 21:00:00,3809.4,3812.99,3802.6,3805.83,106
2026-06-12 22:00:00,3805.83,3811.25,3793.9,3797.67,66
2026-06-12 23:00:00,3797.67,3799.86,3791.2,3793.0,221
2026-06-15 00:00:00,3793.0,3795.59,3788.42,3794.07,218
2026-06-15 01:00:00,3794.07,3799.19,3789.34,3793.16,499
2026-06-15 02:00:00,3793.16,3802.0,3789.84,3797.47,362
2026-06-15 03:00:00,3797.47,3803.27,3793.14,3799.25,68
2026-06-15 04:00:00,3799.25,3801.83,3794.18,3798.38,91
2026-06-15 05:00:00,3798.38,3804.58,3795.49,3799.64,116
2026-06-15 06:00:00,3799.64,3800.32,3796.45,3799.49,382
2026-06-15 07:00:00,3799.49,3802.9,3796.6,3800.65,450
2026-06-15 08:00:00,3800.65,3807.52,3799.87,3806.91,446
2026-06-15 09:00:00,3806.91,3811.32,3796.79,3798.27,361
2026-06-15 10:00:00,3798.27,3806.33,3795.01,3802.14,76
2026-06-15 11:00:00,3802.14,3804.58,3795.09,3797.48,114
2026-06-15 12:00:00,3797.48,3798.67,3790.97,3793.66,365
2026-06-15 13:00:00,3793.66,3800.87,3791.32,3795.46,149
2026-06-15 14:00:00,3795.46,3797.15,3789.56,3790.52,55
2026-06-15 15:00:00,3790.52,3799.62,3786.28,3797.98,463
2026-06-15 16:00:00,3797.98,3804.82,3797.41,3799.37,418
2026-06-15 17:00:00,3799.37,3801.12,3793.6,3794.38,79
2026-06-15 18:00:00,3794.38,3796.87,3792.13,3796.15,385
2026-06-15 19:00:00,3796.15,3802.9,3790.66,3797.95,116
2026-06-15 20:00:00,3797.95,3799.06,3793.48,3794.36,178
2026-06-15 21:00:00,3794.36,3799.55,3790.01,3791.54,411
2026-06-15 22:00:00,3791.54,3796.62,3789.59,3791.19,415
2026-06-15 23:00:00,3791.19,3793.2,3785.12,3787.45,332
2026-06-16 00:00:00,3787.45,3790.58,3784.07,3785.91,407
2026-06-16 01:00:00,3785.91,3794.74,3784.89,3791.53,227
2026-06-16 02:00:00,3791.53,3800.21,3789.63,3796.6,154
2026-06-16 03:00:00,3796.6,3801.66,3788.23,3792.94,316
2026-06-16 04:00:00,3792.94,3795.29,3790.58,3793.74,467
2026-06-16 05:00:00,3793.74,3804.71,3793.06,3800.27,170
2026-06-16 06:00:00,3800.27,3803.04,3797.35,3798.42,305
2026-06-16 07:00:00,3798.42,3803.1,3791.08,3792.93,351
2026-06-16 08:00:00,3792.93,3793.85,3785.43,3787.33,362
2026-06-16 09:00:00,3787.33,3794.74,3786.74,3792.32,245
2026-06-16 10:00:00,3792.32,3793.85,3790.0,3791.42,270
2026-06-16 11:00:00,3791.42,3795.38,3787.62,3792.22,66
2026-06-16 12:00:00,3792.22,3792.85,3785.11,3788.65,222
2026-06-16 13:00:00,3788.65,3793.76,3782.66,3787.7,464
2026-06-16 14:00:00,3787.7,3788.4,3783.57,3787.76,368
2026-06-16 15:00:00,3787.76,3790.43,3782.33,3784.97,423
2026-06-16 16:00:00,3784.97,3795.53,3781.7,3790.99,419
2026-06-16 17:00:00,3790.99,3796.15,3786.15,3788.09,323
2026-06-16 18:00:00,3788.09,3791.43,3779.92,3783.01,133
2026-06-16 19:00:00,3783.01,3789.5,3780.17,3784.2,171
2026-06-16 20:00:00,3784.2,3789.17,3778.95,3784.67,93
2026-06-16 21:00:00,3784.67,3790.68,3780.31,3785.19,201
2026-06-16 22:00:00,3785.19,3788.77,3780.79,3783.1,387
2026-06-16 23:00:00,3783.1,3788.27,3779.33,3786.52,445
2026-06-17 00:00:00,3786.52,3789.86,3782.82,3784.92,185
2026-06-17 01:00:00,3784.92,3789.66,3780.91,3783.63,58
2026-06-17 02:00:00,3783.63,3788.96,3776.56,3779.46,482
2026-06-17 03:00:00,3779.46,3784.39,3776.92,3781.11,346
2026-06-17 04:00:00,3781.11,3787.64,3779.04,3784.09,82
2026-06-17 05:00:00,3784.09,3786.79,3781.09,3782.88,452
2026-06-17 06:00:00,3782.88,3784.02,3777.91,3781.56,125
2026-06-17 07:00:00,3781.56,3794.38,3777.78,3789.52,169
2026-06-17 08:00:00,3789.52,3794.28,3784.72,3790.36,346
2026-06-17 09:00:00,3790.36,3793.19,3787.09,3791.1,166
2026-06-17 10:00:00,3791.1,3798.78,3789.31,3796.98,397
2026-06-17 11:00:00,3796.98,3804.06,3792.23,3799.34,326
2026-06-17 12:00:00,3799.34,3801.59,3797.38,3798.27,277
2026-06-17 13:00:00,3798.27,3799.34,3792.07,3792.96,154
2026-06-17 14:00:00,3792.96,3797.57,3788.61,3791.19,378
2026-06-17 15:00:00,3791.19,3797.25,3789.27,3794.62,62
2026-06-17 16:00:00,3794.62,3796.79,3788.82,3791.36,383
2026-06-17 17:00:00,3791.36,3799.98,3786.15,3797.61,200
2026-06-17 18:00:00,3797.61,3798.33,3790.76,3795.91,352
2026-06-17 19:00:00,3795.91,3796.54,3790.72,3794.27,463
2026-06-17 20:00:00,3794.27,3798.48,3787.4,3791.82,414
2026-06-17 21:00:00,3791.82,3799.89,3790.25,3797.67,475
2026-06-17 22:00:00,3797.67,3798.92,3788.28,3792.59,382
2026-06-17 23:00:00,3792.59,3793.48,3788.79,3789.68,164
2026-06-18 00:00:00,3789.68,3793.33,3772.68,3776.85,325
2026-06-18 01:00:00,3776.85,3781.02,3766.52,3771.26,320
2026-06-18 02:00:00,3771.26,3776.69,3768.16,3772.89,212
2026-06-18 03:00:00,3772.89,3774.74,3762.99,3767.67,200
2026-06-18 04:00:00,3767.67,3775.2,3762.28,3770.7,168
2026-06-18 05:00:00,3770.7,3773.48,3764.57,3768.81,109
2026-06-18 06:00:00,3768.81,3774.1,3764.74,3767.29,90
2026-06-18 07:00:00,3767.29,3769.55,3760.19,3763.22,235
2026-06-18 08:00:00,3763.22,3765.96,3757.52,3760.11,341
2026-06-18 09:00:00,3760.11,3764.75,3750.2,3755.63,325
2026-06-18 10:00:00,3755.63,3759.78,3751.8,3755.91,360
2026-06-18 11:00:00,3755.91,3766.47,3753.98,3764.67,210
2026-06-18 12:00:00,3764.67,3770.72,3763.43,3767.69,303
2026-06-18 13:00:00,3767.69,3774.12,3763.33,3770.46,142
2026-06-18 14:00:00,3770.46,3772.06,3768.64,3770.96,333
2026-06-18 15:00:00,3770.96,3775.02,3767.61,3770.46,101
2026-06-18 16:00:00,3770.46,3773.86,3766.51,3771.2,87
2026-06-18 17:00:00,3771.2,3773.11,3766.37,3771.95,248
2026-06-18 18:00:00,3771.95,3777.54,3768.67,3775.03,414
2026-06-18 19:00:00,3775.03,3777.0,3770.73,3772.91,472
2026-06-18 20:00:00,3772.91,3780.79,3767.44,3777.21,73
2026-06-18 21:00:00,3777.21,3778.08,3768.92,3774.02,279
2026-06-18 22:00:00,3774.02,3783.0,3771.34,3778.8,437
2026-06-18 23:00:00,3778.8,3781.69,3774.62,3775.79,143
2026-06-19 00:00:00,3775.79,3780.39,3771.86,3774.91,127
2026-06-19 01:00:00,3774.91,3779.89,3766.17,3769.64,239
2026-06-19 02:00:00,3769.64,3771.74,3766.24,3767.62,419
2026-06-19 03:00:00,3767.62,3771.06,3758.5,3763.72,99
2026-06-19 04:00:00,3763.72,3764.98,3760.63,3764.24,318
2026-06-19 05:00:00,3764.24,3772.28,3759.52,3768.88,268
2026-06-19 06:00:00,3768.88,3773.17,3762.74,3768.01,71
2026-06-19 07:00:00,3768.01,3776.42,3763.84,3771.85,424
2026-06-19 08:00:00,3771.85,3776.41,3768.27,3773.03,100
2026-06-19 09:00:00,3773.03,3779.96,3771.7,3777.72,197
2026-06-19 10:00:00,3777.72,3782.65,3775.14,3777.08,182
2026-06-19 11:00:00,3777.08,3786.77,3772.81,3781.33,168
2026-06-19 12:00:00,3781.33,3782.86,3775.53,3780.22,436
2026-06-19 13:00:00,3780.22,3781.56,3774.82,3778.31,70
2026-06-19 14:00:00,3778.31,3787.63,3777.78,3783.14,476
2026-06-19 15:00:00,3783.14,3787.75,3779.55,3781.9,194
2026-06-19 16:00:00,3781.9,3790.92,3778.8,3786.76,475
2026-06-19 17:00:00,3786.76,3789.53,3779.81,3784.9,416
2026-06-19 18:00:00,3784.9,3787.62,3780.15,3782.81,184
2026-06-19 19:00:00,3782.81,3783.74,3774.2,3775.38,192
2026-06-19 20:00:00,3775.38,3777.65,3774.25,3775.15,456
2026-06-19 21:00:00,3775.15,3776.76,3772.3,3773.17,130
2026-06-19 22:00:00,3773.17,3776.82,3766.9,3769.96,447
2026-06-19 23:00:00,3769.96,3770.83,3765.88,3769.82,69
2026-06-22 00:00:00,3769.82,3774.29,3759.25,3761.34,480
2026-06-22 01:00:00,3761.34,3768.4,3756.65,3765.11,370
2026-06-22 02:00:00,3765.11,3771.18,3763.93,3770.64,242
2026-06-22 03:00:00,3770.64,3776.76,3769.04,3771.9,150
2026-06-22 04:00:00,3771.9,3776.47,3767.51,3771.68,194
2026-06-22 05:00:00,3771.68,3775.12,3768.01,3773.96,95
2026-06-22 06:00:00,3773.96,3785.73,3773.44,3781.48,84
2026-06-22 07:00:00,3781.48,3784.43,3775.52,3779.08,413
2026-06-22 08:00:00,3779.08,3782.72,3776.68,3780.9,348
2026-06-22 09:00:00,3780.9,3786.32,3778.66,3784.65,321
2026-06-22 10:00:00,3784.65,3786.65,3781.6,3783.26,199
2026-06-22 11:00:00,3783.26,3787.1,3778.21,3781.16,372
2026-06-22 12:00:00,3781.16,3784.06,3777.25,3778.23,107
2026-06-22 13:00:00,3778.23,3785.9,3773.25,3780.59,441
2026-06-22 14:00:00,3780.59,3782.72,3774.33,3778.14,109
2026-06-22 15:00:00,3778.14,3789.79,3772.86,3788.41,388
2026-06-22 16:00:00,3788.41,3797.1,3784.04,3793.08,297
2026-06-22 17:00:00,3793.08,3801.82,3788.26,3797.12,357
2026-06-22 18:00:00,3797.12,3799.07,3791.59,3794.63,485
2026-06-22 19:00:00,3794.63,3800.58,3793.83,3796.17,445
2026-06-22 20:00:00,3796.17,3798.73,3788.96,3793.51,267
2026-06-22 21:00:00,3793.51,3801.37,3788.45,3798.88,187
2026-06-22 22:00:00,3798.88,3802.56,3795.35,3796.08,279
2026-06-22 23:00:00,3796.08,3798.89,3792.72,3796.34,135
2026-06-23 00:00:00,3796.34,3797.39,3784.22,3789.56,362
2026-06-23 01:00:00,3789.56,3791.71,3784.48,3788.0,60
2026-06-23 02:00:00,3788.0,3791.19,3783.6,3788.79,220
2026-06-23 03:00:00,3788.79,3793.85,3784.21,3788.54,333
2026-06-23 04:00:00,3788.54,3791.26,3785.36,3789.71,130
2026-06-23 05:00:00,3789.71,3794.89,3787.23,3790.2,417
2026-06-23 06:00:00,3790.2,3796.18,3788.04,3791.13,160
2026-06-23 07:00:00,3791.13,3801.52,3789.39,3798.26,56
2026-06-23 08:00:00,3798.26,3804.24,3797.25,3799.04,253
2026-06-23 09:00:00,3799.04,3803.68,3798.33,3799.22,194
2026-06-23 10:00:00,3799.22,3803.58,3796.56,3798.3,189
2026-06-23 11:00:00,3798.3,3805.29,3793.74,3801.04,243
2026-06-23 12:00:00,3801.04,3805.24,3798.0,3799.85,93
2026-06-23 13:00:00,3799.85,3800.73,3795.07,3798.09,410
2026-06-23 14:00:00,3798.09,3798.98,3793.44,3798.41,359
2026-06-23 15:00:00,3798.41,3803.5,3793.3,3794.28,351
2026-06-23 16:00:00,3794.28,3798.51,3792.22,3794.98,215
2026-06-23 17:00:00,3794.98,3797.61,3788.22,3792.44,204
2026-06-23 18:00:00,3792.44,3794.26,3788.25,3792.03,291
2026-06-23 19:00:00,3792.03,3797.07,3789.38,3794.69,163
2026-06-23 20:00:00,3794.69,3802.63,3789.65,3799.71,323
2026-06-23 21:00:00,3799.71,3802.74,3796.24,3798.65,304
2026-06-23 22:00:00,3798.65,3802.96,3793.2,3797.27,281
2026-06-23 23:00:00,3797.27,3798.89,3782.15,3787.53,253
2026-06-24 00:00:00,3787.53,3790.99,3786.49,3788.11,209
2026-06-24 01:00:00,3788.11,3790.27,3779.24,3783.79,92
2026-06-24 02:00:00,3783.79,3790.62,3780.84,3785.8,177
2026-06-24 03:00:00,3785.8,3788.09,3783.28,3787.17,479
2026-06-24 04:00:00,3787.17,3790.5,3779.19,3780.85,442
2026-06-24 05:00:00,3780.85,3784.88,3778.29,3781.91,429
2026-06-24 06:00:00,3781.91,3784.02,3777.38,3780.71,258
2026-06-24 07:00:00,3780.71,3787.52,3778.87,3782.66,157
2026-06-24 08:00:00,3782.66,3786.12,3780.59,3782.89,383
2026-06-24 09:00:00,3782.89,3784.57,3772.97,3775.78,297
2026-06-24 10:00:00,3775.78,3781.24,3766.99,3767.9,103
2026-06-24 11:00:00,3767.9,3770.53,3766.29,3767.18,115
2026-06-24 12:00:00,3767.18,3771.52,3765.85,3767.28,274
2026-06-24 13:00:00,3767.28,3772.13,3763.83,3764.9,267
2026-06-24 14:00:00,3764.9,3768.02,3758.09,3759.29,497
2026-06-24 15:00:00,3759.29,3762.7,3756.79,3759.46,201
2026-06-24 16:00:00,3759.46,3773.33,3754.56,3769.23,188
2026-06-24 17:00:00,3769.23,3781.24,3765.65,3778.13,240
2026-06-24 18:00:00,3778.13,3780.08,3771.98,3775.91,461
2026-06-24 19:00:00,3775.91,3779.48,3770.9,3774.97,315
2026-06-24 20:00:00,3774.97,3776.52,3769.24,3771.39,432
2026-06-24 21:00:00,3771.39,3775.49,3763.87,3768.63,119
2026-06-24 22:00:00,3768.63,3774.75,3766.54,3771.88,141
2026-06-24 23:00:00,3771.88,3778.57,3771.04,3777.32,52
